ID,Category,SLOT,English,Turkish,Finnish,Polish,German,French,Spanish,Portuguese,Brazilian,Czech,Italian,Dutch,,
0,Corners,LEFT_HAIRPIN,Hairpin Left,Sola U dönüşü,Vasen Serpo,Nawrót lewy,,,Paella Izquierda,Gancho à Esquerda,Hairpin Esquerda,,,,,
1,Corners,LEFT_1,1 Left,Sol 1,Vasen 1,JEDEN lewy,,,UNO Izquierda,UM Esquerda,UM Esquerda,,,,,
2,Corners,LEFT_2,2 Left,Sol 2,Vasen 2,DWA lewy,,,DOS Izquierda,DOIS Esquerda,DOIS Esquerda,,,,,
3,Corners,LEFT_3,3 Left,Sol 3,Vasen 3,Trzy lewy,,,Tres Izquierda,Três Esquerda,Três Esquerda,,,,,
4,Corners,LEFT_4,4 Left,Sol 4,Vasen 4,Cztery lewy,,,Quatro Izquierda,Quatro Esquerda,Quatro Esquerda,,,,,
5,Corners,LEFT_5,5 Left,Sol 5,Vasen 5,Pięć lewy,,,Cinco Izquierda,Cinco Esquerda,Cinco Esquerda,,,,,
6,Corners,RIGHT_5,5 Right,Sağ 5,Oikee 5,Pięć prawy,,,Cinco Derecha,Cinco Direita,Cinco Direita,,,,,
7,Corners,RIGHT_4,4 Right,Sağ 4,Oikee 4,Cztery prawy,,,Quatro Derecha,Quatro Direita,Quatro Direita,,,,,
8,Corners,RIGHT_3,3 Right,Sağ 3,Oikee 3,Trzy prawy,,,Tres Derecha,Três Direita,Três Direita,,,,,
9,Corners,RIGHT_2,2 Right,Sağ 2,Oikee 2,DWA prawy,,,DOS Derecha,DOIS Direita,DOIS Direita,,,,,
10,Corners,RIGHT_1,1 Right,Sağ 1,Oikee 1,JEDEN prawy,,,UNO Derecha,UM Direita,UM Direita,,,,,
11,Corners,RIGHT_HAIRPIN,Hairpin Right,Sağa U dönüşü,Oikee Serpo,Nawrót prawy,,,Paella Derecha,Gancho à Direita,Hairpin Direita,,,,,
12,Line,TWISTY,Twisty,Şikan,,Kręty,,,Curvas,Sinuoso,Sinuoso,,,,,
13,Links,DISTANCE_CALL,Distance,Mesafe,,Dystans,,,Distancia,Distância Chamada das Notas,----Distância,,,,,
14,Modifier,NARROWS,Narrows,Dar geçiş,Kapenee,Zwęża,,,Estrecha,Estreito,Estreito,,,,,
15,Modifier,WIDEOUT,Wide Exit,Geniş çıkış,,Wypuść,,,Se abre,Largo por fora,Largo por fora,,,,,
16,Obstacles,OVER_CREST,Over Crest,Tepeyi aş,Yli,Przez szczyt,,,Rasante,Pela Lomba,Pelo alto,,,,,
17,Obstacles,FORD,Ford,Dere,,Rzeczka,,,Vado,Passagem de água,Raso,,,,,
18,Cautions,CARE,Care,Dikkatli yaklaş,Varo,Z uwagą,,,Atencion,Cuidado,Atenção,,,,,
19,Obstacles,BUMP,Bump,Tümsek,,Wybój,,,Bache,Ressalto,Lombada,,,,,
20,Obstacles,JUMP,Jump,Zıpla,Hyppy,Hopa,,,Salto,Salto,Salto,,,,,
21,Links,START,Start,Başla,Aloita,Start,,,Comienzo,Começa,Começa,,,,,
22,Links,FINISH,Finish,Bitir,Maali,Przez metę,,,Final,Fim,termina,,,,,
23,Links,SPLIT,,Ayrım,,Pomiar,,,Parcial,Parcial,Parcial,,,,,
24,Links,END_OF_TRACK,Stop by marshals,Pistin sonu,,Do domu,,,Final de tramo,Fim do Troço,pare nas marechais,,,,,
25,Links,NEXT_LAP,Onto next lap,Bir sonraki tura,Seuraavalle kierrokselle,Okrążenie,,,Vuelta,Para próxima volta,Próxima volta,,,,,
26,Links,TO_FINISH,Flying finish,Bitiş çizgisine,Maaliin,Meta lotna,,,A Final,Para o Final,Até o final,,,,,
27,Obstacles,BRIDGE,Bridge,Köprü,Silta,Most,,,Puente,Ponte,Ponte,,,,,
28,Line,GOSTRAIGHT,Straight,Düz,Suora,Prostuj,,,Seguir recto,Em Frente,Em Frente,,,,,
29,Line,KEEP_RIGHT,Keep Right,Sağda kal,Oikee Laita,Prawą,,,Continuar der,Fica à Direita,mantém à direita,,,,,
30,Line,KEEP_LEFT,Keep Left,Solda Kal,Vasen Laita,Lewą,,,Continuar Izq,Fica à Esquerda,mantém à esquerda,,,,,
31,Line,KEEP_MIDDLE,Keep Middle,Ortada Kal,Keskeltä,Środkiem,,,Continuar centro,Fica no Meio,mantém no centro,,,,,
32,Cautions,CAUTION,Caution,Tehlike,Huomio,Ostrożnie,,,Cuidado,Cuidado,Cuidado,,,,,
33,Cautions,DOUBLE_CAUTION,Double Caution,Çifte Tehlike,Huomio Huomio,Bardzo ostrożnie,,,Mucha Precaucion,Cuidado Cuidado,Cuidado Cuidado,,,,,
34,Cautions,TRIPLE_CAUTION,Triple Caution,Üçlü Tehlike,,Kurewsko ostrożnie!,,,Maxima precaucion,Triplo Cuidado,Triplo Cuidado,,,,,
35,Cautions,CAREIN,Care in,Dikkatli gir,Varo Sisällä,Wejście z uwagą,,,,Cuidado por dentro,Atenção por dentro,,,,,
36,Cautions,CAREOUT,Care out,Dikaktli Çık,Varo Ulkona,Wyjście z uwagą,,,,Cuidado por fora,Atenção por fora,,,,,
37,Cautions,PRECISE,Precise,Kesin,Tarkka,Nie wybacza,,,,Preciso,Precisão,,,,,
38,Cautions,DECEPTIVE,Deceptive,Aldatıcı,Hämää,Mylący,,,,Engana,Enganosa,,,,,
39,Cautions,HIDDEN,Hidden,Gizli,,Ukryty,,,Escondida,Escondido,Escondido,,,,,
40,Cautions,BLIND,Blind,Görünmez,,Ślepy,,,Ciega,Cego,Cego,,,,,
41,Cautions,SUDDEN,Sudden,Ani,,Nagły,,,,Inesperado,De repente,,,,,
42,Cautions,IMPORTANT,Important,Önemli,Tärkee,Ważny,,,,Importante,Importante,,,,,
43,Cautions,DRAWS_IN,Draws In,İçe doğru atar,,Wciąga,,,Trazar interior,Puxa para dentro,Puxa para dentro,,,,,
44,Cautions,THROWS_OUT,Throws Out,Dışa doğru atar,,Wyrzuca,,,,Atira para fora,Joga para fora,,,,,
45,Cautions,LIFTS,Lifts,Kaldırır,Keventää,Odrywa,,,,Levanta,Levanta,,,,,
46,Cautions,REMEMBER,Remember,Hatırla,Muista,Pamiętaj,,,,Relembrar,Lembra,,,,,
47,Cautions,PATIENT,Patient,Sabırlı,Malta,Spokojnie,,,,Mantêm a concentração,Tranquilo,,,,,
60,Obstacles,CREST,Crest,Tepe,Nyppy,Szczyt,,,Cima,Lomba,Alto,,,,,
61,Obstacles,BROW,Brow,Kaş,,Próg!,,,Raya,Lomba curta,Pico,,,,,
62,Obstacles,DITCH,Ditch,Hendek,Oja,Rów,,,Zanja,Vala,Vala,,,,,
63,Obstacles,CHICANE,Chicane,Şikan,Shikaani_,Szykana,,,Chicane,Chicane,Chicane,,,,,
64,Obstacles,DIP,Dip,Dip,Notko,Dno,,,Bajada,Depressão,Depressão,,,,,
65,Obstacles,DROP,Drop,Düşmek,,Spadek,,,Desnivel,Desnivel,Desnivel,,,,,
66,Obstacles,GATE,Gate,Geçit,,Brama,,,Portal,Portão,Portão,,,,,
67,Obstacles,TUNNEL,Tunnel,Tünel,Tunneli,Tunel,,,Tunnel,Túnel,Túnel,,,,,
68,Obstacles,CURB,Curb,Kaldrım,Kantti,Krawężnik,,,Bordillo,Lancil,Meio-fio,,,,,
69,Obstacles,RAILS,Rails,Raylar,Raiteet,Szyny,,,Railes,Trilhos,Grade,,,,,
70,Obstacles,RAILWAY,Railway,Tren Yolu,,Kolej,,,Vias,Caminho de Ferro,Trilhos,,,,,
71,Obstacles,BUMPS,Bumps,Tümsekler,,Wyboje,,,Bacheada,Ressaltos,Saltos,,,,,
72,Obstacles,HOLE,Hole,Çukur,,Dziura,,,Agujero,Buraco,Buraco,,,,,
73,Obstacles,GRATE,Grate,Izgara,,Tarka,,,,Grade metálica,Grade,,,,,
74,Obstacles,RUT,Rut,Teker izi,Ura,Koleina,,,,Sulco,Sulco,,,,,
75,Obstacles,RUTS,Ruts,Teker izleri,,Koleiny,,,Surco,Sulcos,Sulcos,,,,,
76,Obstacles,ROUNDABOUT,Roundabout,Göbek,Ympyrä,Rondo,,,Rotonda,Rotunda,Rotatória,,,,,
77,Obstacles,JUNCTION,Junction,Kavşak,_Risteys,Krzyżówka,,,Cruce,Cruzamento,Junção,,,,,
78,Obstacles,FORK,Fork,Çatal,,Rozwidlenie,,,Desvio,Bifurcação,Bifurcação,,,,,
79,Obstacles,LAYBY,Lay-By,Yanaşma yeri,Levike,Zatoka,,,,Espera,Espera,,,,,
80,Obstacles,INCLINE,Incline,eğim,,Wzniesienie,,,Cuesta,Inclinado,Inclinado,,,,,
81,Obstacles,HILL,Hill,Yokuş,,Górka,,,Colina,Colina,Colina,,,,,
82,Obstacles,SLOPE,Slope,Eğim,,Zbocze,,,Pendiente,Declive,Declive,,,,,
83,Obstacles,FIELD,Field,Alan,,Pole,,,,Campo,Campo,,,,,
84,Obstacles,WATER,Water,Su,(Vettä),Woda,,,Agua,Água,Água,,,,,
85,Obstacles,NIP,Sumppu / Squash,Sıkıştır,Sumppu,Winkiel,,,,Estreita,Achatada,,,,,
100,Corners,LEFT,Left,Sol,Vasen,Lewy,,,Izquierda,Esquerda,Esquerda,,,,,
101,Corners,LEFT_6,6 Left,Sol 6,,Sześć lewy,,,Seis Izquierda,Esquerda seis,Seis Esquerda,,,,,
102,Corners,LEFT_SQUARE,Square Left,Sola dik açılı,,HAK lewy,,,Cruce Izquierda,Esquerda 90,Esquerda 90,,,,,
103,Corners,LEFT_INTO,Left Into,Sola doğru,(Vasen),Lewą,,,Izquierda En,Pela Esquerda,Esquerda para,,,,,
104,Corners,LEFT_RIGHT,Left-Right,Sol sağ,Vasen-Oikee,Lewy Prawy,,,Izquierda-Derecha,Esquerda Direita,Esquerda Direita,,,,,
105,Corners,LEFT_ACUTE,Acute Left,İğne Sol,,SZPILA lewy,,,Aguja Izquierda,Gancho apertado à esquerda,Esquerda Aguda,,,,,
106,Corners,LEFT_AROUND,Left Around,Çevresinden sol,Kierrä Vasemmalta,Objedź od prawej,,,Izquierda Redonda,Esquerda à volta,Esquerda por fora,,,,,
107,Corners,LEFT_DONUT,Donut Left,Daire Sol,,Beczka od prawej,,,Donut Izquierda,Donut à Esquerda,Rotatória para a Esquerda,,,,,
108,Corners,LEFT_SHORT,Short Left,Kısa sol,,Krótki lewy,,,Corta Izquierda,Esquerda Curta,Esquerda Curta,,,,,
109,Corners,LEFT_OVER,Left Over,Sola git,Vasemmalle,Lewą przez,,,Izquierda sobre,Sobre a Esquerda,Sobre a Esquerda,,,,,
110,Corners,CHICANE_LEFT_ENTRY,Left Entry Chicane,Soldan şikan giriş,Shikaani Vasemmalta,Szykana od lewej,,,Chicane por Izquierda,Chicane entra pela Esquerda,Chicane pela esquerda,,,,,
112,Corners,RIGHT,Right,Sağ,Oikee,Prawy,,,Derecha,Direita,Direita,,,,,
113,Corners,RIGHT_6,6 Right,Sağ 6,Oikee 6,Sześć prawy,,,Seis Derecha,Seis Direita,Seis Direita,,,,,
114,Corners,RIGHT_SQUARE,Square Right,Sağa dik açılı,Oike neliö,HAK prawy,,,Cruce Derecha,Direita 90,Direita 90,,,,,
115,Corners,RIGHT_INTO,Right Into,Saia doğru,(Oikee),Prawą,,,Derecha En,Pela Direita,Pela Direita,,,,,
116,Corners,RIGHT_LEFT,Right-Left,Sağ sol,Oikee-Vasen,Prawy Lewy,,,Derecha-Izquierda,Direita esquerda,Pela Esquerda,,,,,
117,Corners,RIGHT_ACUTE,Acute Right,Keskin sağ,,SZPILA prawy,,,Aguja Izquierda,Gancho apertado à direita,Hairpin Direita,,,,,
118,Corners,RIGHT_AROUND,Right Around,Çevresinden sağ,Kierrä Oikeelta,Objedź od lewej,,,Derecha Redonda,Direita à volta,Direita por fora,,,,,
119,Corners,RIGHT_DONUT,Donut Right,Daire sağ,,Beczka od lewej,,,Donut Derecha,Donut à Direita,Rotatória para a direita,,,,,
120,Corners,RIGHT_SHORT,Short Right,Kısa sağ,,Krótki prawy,,,Corta Derecha,Direita curta,Esquerda Curta,,,,,
121,Corners,RIGHT_OVER,Right Over,Sağdan,Oikeelle,Prawą przez,,,Derecha sobre,Sobre a Direita,Sobre a Direita,,,,,
122,Corners,CHICANE_RIGHT_ENTRY,Right Entry Chicane,Sağdan şikan giriş,Shikaani Oikeelta,Szykana od prawej,,,Chicane por Derecha,Chicane entra pela Direita,Chicane pela direita,,,,,
130,Line,KEEP_STRAIGHT,Keep Straight,Düz git,,Prosto,,,Recta,Sempre Em Frente,sempre em frente,,,,,
131,Line,KEEP_IN,Keep In,İçeride kal,Pidä,Wewnętrzną,,,Mantener interior,Mantêm por dentro,Mantêm por dentro,,,,,
132,Line,KEEP_OUT,Keep Out,Dışarıda kal,Roiku,Zewnętrzną,,, Mantener exterior,Mantêm por fora,Mantêm por fora,,,,,
133,Line,FROM_LEFT,From Left,Soldan,Vasemmalta,Od lewej,,,De Izquierda,Da Esquerda,Da Esquerda,,,,,
134,Line,FROM_RIGHT,From Right,Sağdan,Oikeelta,Od prawej,,,De Derecha,Da Direita,Da Direita,,,,,
135,Line,TO_LEFT,To Left,Sola,,Do lewej,,,A Izquierda,Para a Esquerda,Para a Esquerda,,,,,
136,Line,TO_RIGHT,To Right,Sağa,,Do prawej,,,A Derecha,Para a Direita,Para a Direita,,,,,
140,Range,1,1,Bir,1,Jeden,,,Un,Um,Um,,,,,
141,Range,2,2,iki,2,Dwa,,,Dos,Dois,Dois,,,,,
142,Range,3,3,üç,3,Trzy,,,Tres,Três,Três,,,,,
143,Range,4,4,dört,4,Cztery,,,Cuatro,Quatro,Quatro,,,,,
144,Range,5,5,beş,5,Pięć,,,Cinco,Cinco,Cinco,,,,,
145,Range,6,6,altı,6,Sześć,,,Seis,Seis,Seis,,,,,
146,Range,7,7,yedi,7,Siedem,,,Siete,Sete,Sete,,,,,
147,Range,8,8,sekiz,8,Osiem,,,Ocho,Oito,Oito,,,,,
148,Range,9,9,dokuz,9,Dziewięć,,,Nueve,Nove,Nove,,,,,
149,Range,10,10,on,10,Dziesięć,,,Diez,Dez,Dez,,,,,
150,Range,20,20,yirmi,20,Dwa-dzieścia,,,Dos-veinte,Dois-vinte,vinte,,,,,
151,Range,30,30,otuz,30,Trzy-dzieści,,,Tres-veinte,Três-vinte,Trinta,,,,,
152,Range,40,40,kırk,40,Czter-dzieści,,,Cuatro-veinte,Quatro-vinte,quarenta,,,,,
153,Range,50,50,elli,50,Pięć-dziesiąt,,,Cinco-diez,Cinco-dez,cinquenta,,,,,
154,Range,60,60,altmış,60,Sześć-dziesiąt,,,Seis-veinte,Seis-vinte,sessenta,,,,,
155,Range,70,70,yetmiş,70,Siedem-dziesiąt,,,Siete veinte,Sete vintes,setenta,,,,,
156,Range,80,80,seksen,80,Osiem-dziesiąt,,,Ocho-diez,Oito-dez,oitenta,,,,,
157,Range,90,90,doksan,90,Dziewięć-dziesiąt,,,Nueve-diez,Nove-dez,noventa,,,,,
158,Range,100,100,yüz,100,Sto,,,Cien,Cem,Cem,,,,,
159,Range,120,120,yüz yirmi,120,Sto Dwa-dzieścia,,,Cien Doscientos Veinte,Cem Dois vinte,Cento e vinte,,,,,
160,Range,140,140,yüz kırk,140,Sto Czter-dzieści,,,Ciento Cuatrocientos,Cem Quatro vintes,cento e quarenta,,,,,
161,Range,150,150,yüz elli,150,Sto Pięć-dziesiąt,,,Ciento Cinco veinte,Cem Cinco vintes,cento e sessenta,,,,,
162,Range,160,160,yüz altmış,160,Sto Sześć-dziesiąt,,,Ciento Seiscientos,Cento e seis vintes,Cem Quatro e vinte,,,,,
163,Range,180,180,yüz seksen,180,Sto Osiem-dziesiąt,,,Ciento ocho-diez,Cento e oito dez,Cento e oito dez,,,,,
164,Range,200,200,iki yüz,200,Dwieście,,,Doscientos,Duzentos,Duzentos,,,,,
165,Range,250,250,iki yüz elli,250,Dwieście Pięćdziesiąt,,,Doscientos Cincuenta,Duzentos e cinquenta,Duzentos e cinquenta,,,,,
166,Range,300,300,üç yüz,300,Trzysta,,,Trescientos,Trezentos,Trezentos,,,,,
167,Range,350,350,üç yüz elli,350,Trzysta Pięćdziesiąt,,,Trescientos Cincuenta,Trezentos e cinquenta,Trezentos e cinquenta,,,,,
168,Range,400,400,dört yüz,400,Czterysta,,,Cuatrocientos,Quatrocentos,Quatrocentos,,,,,
169,Range,450,450,dört yüz elli,450,Czterysta Pięćdziesiąt,,,Cuatrocientos Cincuenta,Quatrocentos e cinquenta,Quatrocentos e cinquenta,,,,,
170,Range,500,500,beş yüz,500,Pięćset,,,Quinientos,Quinhentos,Quinhentos,,,,,
171,Range,600,600,altı yüz,600,Sześćset,,,Seiscientos,Seiscentos,Seiscentos,,,,,
172,Range,700,700,yedi yüz,700,Siedemset,,,Setecientos,Setecentos,Setecentos,,,,,
173,Range,800,800,sekiz yüz,800,Osiemset,,,Ochocientos,Oitocentos,Oitocentos,,,,,
174,Range,900,900,dokuz yüz,900,Dziewięćset,,,Novecientos,Novecentos,Novecentos,,,,,
175,Range,1000,1000,bin,1000,Tysiąc,,,Mil,Mil,Mil,,,,,
200,Modifier,TIGHT,Tight,Sıkı,Tiukka,Ciasny,,,Fuerte,Apertado,Apertado,,,,,
201,Modifier,NARROW,Narrow,Dar,Kapee,Wąski,,,Estrecha,Estreita,Estreita,,,,,
202,Modifier,WIDE,Wide,Geniş,Levee,Szerzej,,,Ancho,Largo,Largo,,,,,
203,Modifier,WIDENS,Widens,Genişler,Levenee,Szeroki,,,Ensancha,Alarga,Alarga,,,,,
204,Modifier,DOUBLE,Double,Çift,Tupla,Podwójny,,,Doble,Duplo,Duplo,,,,,
205,Modifier,TRIPLE,Triple,Üçlü,,Potrójny,,,Triple,Triplo,Triplo,,,,,
206,Modifier,QUADRUPLE,Quadruple,Dörtlü,,Poczwórny,,,Cuádruple,Quádruplo,Quádruplo,,,,,
207,Modifier,OUTSIDE,Out,Dış,Ulkona,Zewnątrz,,,Fuera,Por Fora,Por Fora,,,,,
208,Modifier,BETWEEN,Between,Arasında,,Pomiędzy,,,Entre,Entre,Entre,,,,,
209,Modifier,INSIDE,In,İçinde,Sisällä,Wewnątrz,,,Dentro,Interior,Por Dentro,,,,,
210,Modifier,MIDDLE,Middle,Ortada Kal,,Środek,,,Centro,Meio,Meio,,,,,
211,Modifier,SLIGHT,Slight,Hafif,Vähän,Łagodny,,,Ligera,Levemente,Levemente,,,,,
212,Modifier,SHORT,Short,Kısa,Lyhyt,Krótki,,,Corta,Curta,Curta,,,,,
213,Modifier,SHORT_VERY,Very Short,Çok kısa,,Bardzo krótki,,,Muy Corto,Muita Curta,Muita Curta,,,,,
214,Modifier,LONG_VERY,Very Long,Çok uzun,,Bardzo długi,,,Muy Largo,Muita Longa,Muita Longa,,,,,
215,Modifier,ROUND,Round,Yuvarlak,Pyöree,Po kuli,,,Redonda,Redondo,Arredondada,,,,,
216,Modifier,SHARP,Sharp,Keskin,Terävä,Ostry,,,Brusca,Afiado,Acentuada,,,,,
217,Modifier,DONT,Dont,Yapma,,Nie,,,No,Nao,Nao,,,,,
218,Modifier,SECTION,Section,Bölüm,,Sekcja,,,Sección,Secção,Seção,,,,,
219,Modifier,EARLY,Early,Erken,Aikanen,Wczesny,,,Temprano,Cedo,Antecipada,,,,,
220,Modifier,LATE,Late,Geçit,Myöhä,Późny,,,Tarde,Tarde,Tardia,,,,,
221,Modifier,DOUBLE_TIGHTENS,Double tightens,İki kat sıkı,,Podwójny zacisk,,,Cierra Doble,Aperta Duas Vezes,Fecha duas vezes,,,,,
222,Modifier,STEEP,Steep,Dik,,Stromy,,,,Ingreme,Ingreme,,,,,
223,Modifier,DEEP,Deep,Derin,Syvä,Głęboki,,,Fondo,Fundo,Fundo,,,,,
224,Modifier,SHORT_HALF,Half short,Yarım kısa,,Pół krótki,,,,Meia Curta,Meia Curta,,,,,
225,Modifier,SHORT_EXTRA,Extra short,Ekstra kısa,,Króciutki,,,,Extra Curta,Extra curta,,,,,
226,Modifier,SHORT_EXTRAEXTRA,Extra Extra Short,Ekstra Ekstra kıas,,Mikro,,,,Extra extra curta,Extra extra curta,,,,,
227,Modifier,SHORT_FUCKING,Fucking Short,Sik kadar,,Karzeł,,,,Extremamente curta,Curta pra caralho,,,,,
228,Modifier,SHORTSHORT,Shortshort,Kısa kısa,Lyhytlyhyt,KrótkiKrótki,,,corta corta,Curta Curta,Curta Curta,,,,,
229,Modifier,NARROW_ENTRY,Narrow Entry,Dar giriş,,Wejdź ciasno,,,,Entrada estreita,Entrada estreita,,,,,
230,Modifier,NARROW_EXIT,Narrow Exit,Dar çıkış,,Nie wypuszczaj,,,,Saída estreita,Saída estreita,,,,,
231,Modifier,WIDE_ENTRY,Wide Entry,Geniş giriş,,Wejdź szeroko,,,,Entrada larga,Entrada larga,,,,,
232,Modifier,MINUS,Minus,Eksi,Miinus,Minus,,,Menos,Menos,Menos,,,,,
233,Modifier,MINUSMINUS,Minus Minus,Eksi Eksi,,Minus MINUS!,,,Menos Menos,Menos Menos,Menos Menos,,,,,
234,Modifier,PLUS,Plus,Artı,Plus,Plus,,,Mas,Mais,Mais,,,,,
235,Modifier,PLUSPLUS,Plus Plus,Artı artı,,Plus PLUS!,,,Mas Mas,Mais Mais,Mais Mais,,,,,
236,Modifier,LONG_HALF,Half long,Yarım uzun,,Pół długi,,,,Meia Longa,Meia Longa,,,,,
237,Modifier,LONG_EXTRA,Extra Long,Ekstra uzun,,Extra długi,,,,Extra longa,Extra longa,,,,,
238,Modifier,LONG_EXTRAEXTRA,Extra Extra Long,Ekstra ekstra uzun,,Mega długi,,,,Extra extra longa,Extra extra longa,,,,,
239,Modifier,LONG_FUCKING,Fucking Long,Yarrak gibi uzun,,Kurewsko długi,,,,Extremamente longa,Longa pra caralho,,,,,
240,Modifier,LONGLONG,Longlong,Uzun uzun,Pitkänpitkä,DługiDługi,,,Larga larga,Longa Longa,Longa Longa,,,,,
241,Modifier,SECTION_FASTER,Faster section,Daha hızlı bölüm,,Szybsza sekcja,,,Sección rápida,Secção rápida,Seção rápida,,,,,
242,Modifier,SECTION_SLOWER,Slower section,Daha yavaş bölüm,,Wolniejsza sekcja,,,Sección lenta,Secção lenta,Seção lenta,,,,,
243,Modifier,SECTION_NARROWER,Narrower section,Daha dar bölüm,,Ciaśniejsza sekcja,,,,Secção estreita,Seção mais estreita,,,,,
244,Modifier,SECTION_WIDER,Wider section,Daha geniş bölüm,,Szersza sekcja,,,,Secção larga,Seção mais larga,,,,,
251,Construction,BALE,Bale,Balya,,Bala,,,Fardo,Fardo,Fardo,,,,,
252,Construction,TIRE,Tire,Teker,,Opona,,,,Pneu,Pneu,,,,,
253,Construction,BARREL,Barrel,Varil,,Beczka,,,Barila,Barril,Barril,,,,,
254,Construction,ROCK,Rock,Taş,Kivi,Kamień,,,Roca,Pedra,Pedra,,,,,
255,Construction,POLE,Pole,Direk,Tolppa,Pal,,,Poste,Poste,Poste,,,,,
256,Construction,BUSH,Bush,Çim,Puska,Krzak,,,Arbusto,Arbusto,Arbusto,,,,,
257,Construction,TREE,Tree,Ağaç,Puu,Drzewo,,,Arbol,Árvore,Arvore,,,,,
258,Construction,PATH,Path,Patika,Polku,Ścieżka,,,Sendero,Caminho,Caminho,,,,,
259,Construction,PUDDLE,Puddle,Su birikintisi,Lätäkkö,Kałuża,,,Charco,Poça,Poça,,,,,
260,Construction,SPECTATOR,Spectator,İzleyici,,Kibic,,,Espectador,Espetador,Espectador,,,,,
261,Construction,MARSHALL,Marshall,Marshall,,Sędzia,,,Comisario,Comissário,Marechal,,,,,
262,Construction,HOUSE,House,Ev,Talo,Dom,,,Casa,Casa,Casa,,,,,
263,Construction,BANNER,Banner,Banner,,Baner,,,,Faixa,Banner,,,,,
264,Construction,BARRIER,Barrier,Bariyer,,Barierka,,,,Barreira,Barreira,,,,,
265,Construction,ISLAND,Island,Ada,,Wysepka,,,Isleta,Ilha,Ilha,,,,,
266,Construction,WALKWAY,Walkway,Kaldırım,,Chodnik,,,,Passeio,Calçada,,,,,
267,Construction,SIGN,Sign,Tabela,Kyltti,Znak,,,Señal,Sinal,Placa,,,,,
268,Construction,LOG,Log,Kütük,,Drzewo,,,Árbol,Tronco,Tronco,,,,,
269,Construction,CAR,Car,Araba,,Samochód,,,Auto,Veículo,Carro,,,,,
270,Construction,SNOW_BANK,Snow Bank,Kar yığını,,Zaspa,,,,Banco de neve,Banco de neve,,,,,
271,Construction,STUMP,Stump,Ağaç kökü,Kanto,Pień,,,Tronco,Cepo,Tronco,,,,,
272,Construction,NETTING,Netting,File,,Siatka,,,Valla Seguridad,Rede,Rede,,,,,
273,Construction,TAPE,Tape,Bant,Siima,Taśma,,,Cinta,Fita,Fita,,,,,
274,Construction,WALL,Wall,Duvar,Seinä,Ściana,,,Pared,Muro,Muro,,,,,
275,Construction,FENCE,Fence,Çit,Aita,Płot,,,Valla,Cerca,Cerca,,,,,
276,Construction,CONE,Cone,Koni,,Pachołek,,,,Cone,Cone,,,,,
300,Surface,DRY,Dry,Kuru,,Suchy,,,Seco,Seco,Seco,,,,,
301,Surface,DAMP,Damp,Nemli,,Wilgotny,,,Humedo,Húmido,Úmido,,,,,
302,Surface,WET,Wet,Islak,,Mokry,,,Mojado,Molhado,Molhado,,,,,
303,Surface,DIRTY,Dirty,Topraklı,,Brudny,,,Sucio,Sujo,Sujo,,,,,
304,Surface,MUDDY,Muddy,Çamurlu,Mutaa,Mół,,,Embarado,Enlameado,Lamacento,,,,,
305,Surface,GRIPPY,Grippy,Yapışkan,,Klei,,,??Adhere??,Boa aderência,Aderente,,,,,
306,Surface,SLIPPY,Slippy,Kaygan,Liukas,Śliski,,,Deslizante,Escorregadio,Escorregadio,,,,,
307,Surface,BUMPY,Bumpy,Tümsekli,Pomppuja,Wyboisty,,,Rugosa,Acidentado,Solavancos,,,,,
308,Surface,ROUGH,Rough,Çukurlu,,Dziurawy,,,,Irregular,Acidentado,,,,,
309,Surface,SMOOTH,Smooth,Pürüssüz,,Gładki,,,,Suave,Liso,,,,,
310,Surface,GRIT,Grit,Çakıllı,Soraa,Żwir,,,Gravilla,Areia,Areia,,,,,
311,Surface,GRAVEL,Gravel,Toprak,,Szuter,,,Tierra,Cascalho,Cascalho,,,,,
312,Surface,DIRT,Dirt,Çamurlu,Likaa,Syf,,,Patina,Terra,Barro,,,,,
313,Surface,TARMAC,Tarmac,Asfalt,,Asfalt,,,Asfalto,Asfalto,Asfalto,,,,,
314,Surface,CONCRETE,Concrete,Beton,,Beton,,,Hormigon,Betão,Concreto,,,,,
315,Surface,RUBBLE,Rubble,Moloz,Murskaa,Gruz,,,Sucia,Cascalho,Cascalho,,,,,
316,Surface,SNOW,Snow,Kar,,Śnieg,,,Nieve,Neve,Neve,,,,,
317,Surface,ICE,Ice,Buz,,Lód,,,Hielo,Gelo,Gelo,,,,,
318,Surface,BLACK_ICE,Black Ice,Gizli buzlanma,Mustaa Jäätä,Czarny lód,,,,Camada de gelo,Gelo preto,,,,,
319,Surface,MUD,Mud,Çamur,,Błoto,,,,Lama,Lama,,,,,
320,Surface,COBBLES,Cobbles,Arnavut Kaldırımı,,Kostka,,,Adoquinado,Calçada,Paralelepipedos,,,,,
350,Line,DIRECT,Direct,Direkt,Suora,Bezpośredni,,,Directo,Direto,Direto,,,,,
351,Line,DIRECTLY,Directly,Doğrudan,(Suoraan),Bezpośrednio,,,Directa,Directamente,Diretamente,,,,,
352,Line,TAKE,Take,Al,,Weź,,,,Levar,Pega,,,,,
353,Line,NEXT,Next,Sıradaki,,Następny,,,,Próximo,Próxima,,,,,
354,Line,HANG,Hang,Asıl,Roiku,Zostań,,,,Pendurado,Segura,,,,,
355,Line,AGAIN,Again,Tekrar,(Jatkaa),Powtórz,,,,Outra vez,de novo,,,,,
356,Line,HOOK,Hook,Yapıştır,Nuole,Przyklej,,,Gancho,Gancho,engancha,,,,,
357,Line,CLIP,Clip,Apeksi Kes,Sisältä,Zahacz,,,Enganchar,Engatar,esbarra,,,,,
358,Line,CUT_LATE,Cut Late,Geç kes,Leikkaa Lopussa,Tnij późno,,,,Corta Tarde,Corta tarde,,,,,
359,Line,CUT_EARLY,Cut Early,Erken kes,,Tnij wcześnie,,,,Corta Cedo,Corta cedo,,,,,
360,Line,CUT_FULL,Cut Full,Tam kes,Ahne,Tnij całość,,,,Corta Tudo,Corta tudo,,,,,
361,Line,CUT_LIGHT,Cut Slightly,Hafif kes,Sisältä,Przytnij,,,,Corta Leve,corta leve,,,,,
362,Line,CUT_THROUGH,Cut Through,Üzerinden kes,Leikkaa Läpi,Tnij przez,,,,Corta sobre,Corte através,,,,,
363,Line,CUT_DEEP,Cut Deep,Derin kes,,Tnij głęboko,,,,Corta a Fundo,Corte fundo,,,,,
364,Line,DONTCUT_EARLY,Dont cut early,Erken kesme,Älä Alussa,Nie tnij wcześnie,,,,Não Cortes Cedo,Não corta cedo,,,,,
365,Line,DONTCUT_LATE,Dons cut late,Geç kesme,Älä Lopussa,Nie tnij późno,,,,Não Cortes Tarde,Não corta tarde,,,,,
366,Line,KEEP_LINE,Line,Çizgi,Hae,Linią / Torem,,,Por línea,Mantêm trajetória,Mantem na linha,,,,,
367,Line,CAMBER,Camber,Kamber,Camber / dos,Odchył,,,Caida,Inclinação Lateral,Lateral,,,,,
368,Line,CAMBER_BAD,Bad camber,Kötü kamber,,Wynosi,,,,Inclinacao Lateral Errada,joga pra fora,,,,,
369,Line,CAMBER_GOOD,Good camber,İyi kamber,,Dociska,,,,Inclinacao Lateral Correta,puxa pra dentro,,,,,
370,Line,LEFTISH,Leftish,Hafif sol,Vähän Vasemmalta,Lewą,,,,Inclinada à esquerda,esquerdinha,,,,,
371,Line,RIGHTISH,Rightish,Hafif sağ,Vähän Oikeelta,Prawą,,,,Inclinada à direita,direitinha,,,,,
372,Line,GO_ROUND,Go Round,Dolaş,Kierrä,Objedź,,,,Contorna,contorna,,,,,
373,Line,DOUBLE_DONT,Double Don't,Çifte Yapma,Tupla Älä,Podwójne nie,,,,Duplo não,Nao nao,,,,,
374,Line,TRIPLE_DONT,Triple Don't,Hiç yapma,Tripla Älä,Potrójne nie,,,,Triplo não,Triplo não,,,,,
375,Line,CAMBER_POSITIVE,Positive Camber,Pozitif,,Pozytyw,,,,Inclinacao Positiva,positiva,,,,,
376,Line,CAMBER_NEGATIVE,Negative Camber,Negatif,,Negatyw,,,,Inclinacao Negativa,negativa,,,,,
377,Line,TO_SIGHT_DISTANCE,To Sight Distance,Ufuk çizgisine,,Po horyzont,,,Mala visivilidad,Vê a Distância,até o horizonte,,,,,
378,Line,STAY,Stay,Kal,,Zostań,,,,Fica,Mantem,,,,,
379,Line,STAY_IN,Stay in,İçeride kal,,Zostań wewnątrz,,,,Fica dentro,Mantem por dentro,,,,,
380,Line,STAY_OUT,Stay Out,Dışarıda kal,Ulkoo,Zostań zewnątrz,,,,Fica fora,Mantem por fora,,,,,
381,Line,STAY_NARROW,Stay Narrow,Dardan al,,Zostań ciasno,,,,Fica estreito,Mantem pelo estreito,,,,,
382,Line,STAY_WIDE,Stay Wide,Genişten al,,Zostań szeroko,,,,Fica largo,Mantem aberto,,,,,
383,Line,DOWNHILL,Down,Yokuş aşağı,Alas,W dół,,,cuesta abajo,A Descer,Descida,,,,,
384,Line,UPHILL,Up,Yokuş Yukarı,Ylös,W górę,,,cuesta arriba,A Subir,Subida,,,,,
400,Links,TAKE_EXIT,Take Exit,Çıkışı al,,Wyjazd,,,,Pela saída,pega a saída,,,,,
401,Links,THROUGH,Through,Üzerinden,Läpi,Przez,,,Completamente,Através,Atraves,,,,,
402,Links,FOR,For,İçin,,Przez,,,Para,Para,Para,,,,,
403,Links,THEN,Then,Sonra,Sitten,Potem,,,Luego,Depois,depois,,,,,
404,Links,IMMEDIATE,Immediate,Hemen,Heti,Natychmiast,,,Inmediatamente,Imediatamente,Agora,,,,,
405,Links,CONTINUES,Continues,Sürekli,Jatkuu / Jatkaa,Przechodzi,,,Continúa,Continua,Continua,,,,,
407,Links,OVER,Over,Üzerinden,Yli,Przez,,,Sobre,Sobre,Sobre,,,,,
409,Links,DONE,Done,Tamam,Valmis,Koniec,,,Anular,Feito,Feito,,,,,
420,Driving,BRAKE,Brake,Frenle,Jarru,HAMUJ,,,Frenando,Trava,Freia,,,,,
421,Driving,BRAKING_HARD,Brake Hard,Sert frenle,,Mocne Hamowanie,,,,Trava a fundo,Freia muito,,,,,
422,Driving,BRAKING,Braking,Frenle,,Hamowanie,,,Frenando,Travando,Freando,,,,,
423,Driving,DAB,Dab [the brake],Frene bas-çek,,Przyhamuj,,,,Toque travão,Freia de leve,,,,,
424,Driving,HANDBRAKE,Handbrake,El freni,Kässäri,Szarpnij,,,freno de mano,Travão de Mão,Freio de mão,,,,,
425,Driving,SLOW,Slow,Yavaş,Hidas,Wolny,,,Menos,Lenta,Devagar,,,,,
426,Driving,SLOWING,Slowing,Yavaşlıyor,Hidastaa,Zwalnia,,,Disminuir la velocidad,Abranda,Diminui,,,,,
427,Driving,WALKING_SPEED,Walking speed / Walk,Yürüme hızında,,Spacerkiem,,,,Velocidade de andamento,Andando,,,,,
428,Driving,STOP,Stop,Dur,Vauhti Pois,Stop,,,Parar,Pára,Para,,,,,
429,Driving,LIFT,Lift,Kaldır,Nosta,Odpuść,,,,Levanta,Levanta,,,,,
431,Driving,NEAT,Neat,Temiz,Nätisti,Dokładnie,,,,lisa,lisa,,,,,
432,Driving,FASTER,Faster,Daha hızlı,Nopee,Szybciej,,,,Mais rapido,Mais rapido,,,,,
433,Driving,FLATOUT,Flatout,Kökle,Täys,Max,,,A toda máquina,A Fundo,Pisa fundo,,,,,
434,Driving,BRAVE,Brave,Cesur ol,,Śmiało,,,,Coragem,Coragem,,,,,
435,Driving,BELIEVE,Believe/Trust,Korkma,Usko,Nie bój,,,,Acredita,Acredita,,,,,
436,Driving,SIDEWAYS,Rotate,Kaydır,Käännä,Zarzuć,,,De lado,De lado,De lado,,,,,
437,Driving,UNDERSTEER,Understeer,Kafadan kayma,Aliohjaa,Podster,,,Aflojando,Subviragem / Escorrega de frente,Subviragem,,,,,
438,Driving,DONTLOCKUP,Dont lock-up,Tekerleri kilitleme,,Nie zblokuj,,,,Não bloquea,Não trava,,,,,
500,Prepositions,BEFORE,Before,Önce,Ennen,Przed,,,Antes,Antes,Antes,,,,,
501,Prepositions,AFTER,After,Sonra,Jälkeen,Po,,,Despues,Depois,Depois,,,,,
502,Prepositions,BEHIND,Behind,Arka,,Za,,,Atras,Atrás,Atras,,,,,
503,Prepositions,NEAR,Near,Yakın,Lähellä,Obok,,,Cerca,Próximo,Proximo,,,,,
504,Prepositions,IN,In,İçinde,,W,,,Hacia dentro,Na,Na,,,,,
505,Prepositions,ON,On,Üstünde,Päällä,Na,,,Hacia fuera,Ligado,No,,,,,
506,Prepositions,OFF,Off,Çık,,Z,,,Saliendo,Desligado,Fora,,,,,
507,Prepositions,UNTIL,Until,Kadar,Kunnes,Do,,,Hasta que,Até,Ate ,,,,,
508,Prepositions,AT,At,De/Da,Kohdalla,Na,,,En,Na,A,,,,,
509,Prepositions,AT_ENTRY,At Entry,Girişte,,Na wejściu,,,,Na entrada,Na entrada,,,,,
510,Prepositions,AT_EXIT,At Exit,Çıkışta,,Na wyjściu,,,,Na saída,Na saída,,,,,
511,Prepositions,AT_FIRST,At First,İlkinde,,Na pierwszym,,,En primera,Na primeira,Na primeira,,,,,
512,Prepositions,AT_SECOND,At Second,İkincisinde,,Na drugim,,,En segunda,Na segunda,Na segunda,,,,,
513,Prepositions,AT_THIRD,At Third,Üçüncüsünde,,Na trzecim,,,En tercera,Na terceira,Na terceira,,,,,
514,Prepositions,AT_FOURTH,At Fourth,Dördüncüsünde,,Na czwartym,,,En cuarta,Na quarta,Na quarta,,,,,
515,Prepositions,AT_FIFTH,At Fifth,Beşincisinde,,Na piątym,,,En quinta,Na quinta,Na quinta,,,,,
600,Adjectives,TIGHTENS_TO5,Tightens to 5,5e Kapanıyor,Kirraa 5,Zacisk Pięć,,,Cierra Cinco,Fecha Cinco,Fecha para Cinco,,,,,
601,Adjectives,TIGHTENS_TO4,Tightens to 4 ,4e Kapanıyor,Kirraa 4,Zacisk Cztery,,,Cierra Quatro,Fecha Quatro,Fecha para Quatro,,,,,
602,Adjectives,TIGHTENS_TO3,Tightens to 3,3e kapanıyor,Kirraa 3,Zacisk Trzy,,,Cierra Tres,Fecha Três,Fecha para Três,,,,,
603,Adjectives,TIGHTENS_TO2,Tightens to 2,2ye kapanıyor,Kirraa 2,Zacisk DWA,,,Cierra DOS,Fecha DOIS,Fecha para DOIS,,,,,
604,Adjectives,TIGHTENS_TOSQUARE,Tightens to Square,Dik kapanıyor,Kirraa Neliö,Zacisk HAK,,,Cierra Cruce,Fecha 90,Fecha para 90,,,,,
605,Adjectives,TIGHTENS_TO1,Tightens to 1,1e kapanıyor,Kirraa 1,Zacisk JEDEN,,,Cierra Uno,Fecha UM,Fecha para UM,,,,,
606,Adjectives,TIGHTENS_TOHP,Tightens to Hairpin,U olarak kapanıyor,Kirraa Serpo,Zacisk NAWRÓT!,,,Cierra Paella,Fecha Para Gancho,Fecha para hairpin,,,,,
607,Adjectives,TIGHTENS_TOACUTE,Tightens to Acute,Dar kapanıyor,Kirraa Taka,Zacisk SZPILA!,,,Cierra Aguja,Fecha Para Aguda,Fecha para Aguda,,,,,
610,Adjectives,TO6,,Altıya,,,,,,,,,,,,
611,Adjectives,TO5,,Beşe,,,,,,,,,,,,
612,Adjectives,TO4,,Dörde,,,,,,,,,,,,
613,Adjectives,TO3,,Üçe,,,,,,,,,,,,
614,Adjectives,TO2,,İkiye,,,,,,,,,,,,
615,Adjectives,TOSQUARE,,Keskin,,Hak,,,,,,,,,,
616,Adjectives,TO1,,Bire,,,,,,,,,,,,
617,Adjectives,TOHP,Hairpin,U dönüşüne,,Nawrót,,,Paella,Gancho,Haripin,,,,,
618,Adjectives,TOACUTE,Acute,Dar viraja,,Szpila,,,Aguja,Aguda,Aguda,,,,,
620,Adjectives,OPENS_TO6,Opens to 6,6ya açılıyor,Aukee 6,Otwiera Sześć,,,Abre Seis,Abre Seis,Abre para Seis,,,,,
621,Adjectives,OPENS_TO5,Opens to 5,5e açılıyor,Aukee 5,Otwiera Pięć,,,Abre Cinco,Abre Cinco,Abre para Cinco,,,,,
622,Adjectives,OPENS_TO4,Opens to 4,4e açılıyor,Aukee 4,Otwiera Cztery,,,Abre Quatro,Abre Quatro,Abre para Quatro,,,,,
623,Adjectives,OPENS_TO3,Opens to 3,3e açılıyor,Aukee 3,Otwiera Trzy,,,Abre Tres,Abre Três,Abre para Três,,,,,
624,Adjectives,OPENS_TO2,Opens to 2,2ye açılıyor,Aukee 2,Otwiera DWA,,,Abre DOS,Abre DOIS,Abre para DOIS,,,,,
625,Adjectives,OPENS_TOSQUARE,Opens to Square,Dik açılıyor,Aukee Neliö,Otwiera HAK,,,Abre Cruce,Abre UM,Abre Para 90,,,,,
626,Adjectives,OPENS_TO1,Opens to 1,1e açılıyor,Aukee 1,Otwiera JEDEN,,,Abre UNO,Abre UM,Abre para UM,,,,,
627,Adjectives,OPENS_TOHP,Opens to Hairpin,U olarak açılıyor,Aukee Serpo,Otwiera NAWRÓT,,,Abre Paella,Abre Para Gancho,Abre para hairpin,,,,,
630,Adjectives,OPENS,Opens,Açılıyor,Aukee,Otwiera,,,Abriendose,Abre,Abre,,,,,
631,Adjectives,OPENS_TIGHTENS,Opens tightens,Dar açılıyor,Aukee-Kirraa,Otwiera Zamyka,,,Abre Cierra,Abre e Fecha,Abre e Fecha,,,,,
632,Adjectives,OPENS_LITTLE,Opens little,Biraz açılıyor,Aukee Vähän,Otwiera troszkę,,,Abre Poco,Abre pouco,Abre um pouco,,,,,
633,Adjectives,OPENS_EARLY,Opens early ,Erken açılıyor,Aukee Alussa,Otwiera WCZEŚNIE,,,Abre Pronto,Abre cedo,Abre antes,,,,,
634,Adjectives,OPENS_LATE,Opens late,Geç açılıyor,Aukee Lopussa,Otwiera późno,,,Abre Tarde,Abre tarde,Abre tarde,,,,,
635,Adjectives,OPENS_LONG,Opens long,Uzun açılıyor,Aukee Pitkä,Otwiera długo,,,Abre Largo,Abre longa,Abre longa,,,,,
636,Adjectives,OPENS_VERYLONG,Opens verylong,Çok uzun açılıyor,Aukee Tosipitkä,Otwiera bardzo długo,,,Abre Muy Largo,Abre muito longa,Abre muito longa,,,,,
637,Adjectives,OPENS_ROUND,Opens Round,Yuvarlar açılıyor,Aukee Pyöree,Otwiera na kulę,,,Abre Redondo,Abre redonda,Abre redonda,,,,,
638,Adjectives,TIGHTENS_OPENS,Tightens opens,Açılan darlık,Kirraa-Aukee,Zaciska otwiera,,,Cierra Abre,Aperta e Abre,Fecha e Abre,,,,,
639,Adjectives,TIGHTENS_LITTLE,Tightens little,Biraz daralır,Kirraa Vähän / Kääntää,Lekki zacisk,,,,Aperta um pouco,Fecha um pouco,,,,,
640,Adjectives,TIGHTENS_EARLY,Tightens early,Erken daralır,Kirraa Alussa ,Zacisk WCZESNY,,,Cierra pronto,Aperta cedo,Fecha antes,,,,,
641,Adjectives,TIGHTENS_LATE,Tightens late,Geç daralır,Kirraa Lopussa,Zacisk późny,,,Cierra tarde,Aperta Tarde,Fecha tarde,,,,,
642,Adjectives,TIGHTENS_LONG,Tightens long,Uzun daralır,Kirraa Pitkä,Zacisk długi,,,Cierra Largo,Aperta longa,Fecha longa,,,,,
643,Adjectives,TIGHTENS_VERYLONG,Tightens verylong,Çok uzun daralır,Kirraa Tosipitkä,Zacisk bardzo długi,,,Cierra Muy Largo,Aperta muito longa,Fecha muito longa,,,,,
644,Adjectives,TIGHTENS_SHARP,Tightens Sharp,Keskin daralır,Kirraa Terävä,Zacisk NAGŁY!,,,Cierra Violento,Aperta aguda,Fecha agudo,,,,,
645,Adjectives,TIGHTENS_ROUND,Tightens Round,Yuvarlak daralır,Kirraa Pyöree,Zacisk na kulę,,,Cierra Redondo,Aperta redonda,Fecha redonda,,,,,
646,Adjectives,OPENS_VERYVERYLONG,Opens Very Very Long,Çok çok uzun açılır,Aukee Pirunpitkä,Otwiera bardzo bardzo długo,,,,Abre muito longa,Abre muito muito longa,,,,,
647,Adjectives,OPENS_FUCKINGLONG,Opens Fucking Long,Yarrak gibi açılır,Aukee Perkeleenpitkä,Otwiera kurewsko długo,,,,Abre extremamente longa,Abre longa pra caralho,,,,,
648,Adjectives,TIGHTENS_VERYVERYLONG,Tightens Very Very Long,Çok çok uzun daralır,Kirraa Pirunpitkä,Zacisk bardzo bardzo długi,,,,Aperta muito longa,Fecha muito muito longa,,,,,
649,Adjectives,TIGHTENS_FUCKINGLONG,Tightens Fucking Long,Amcık gibi daralır,Kirraa Perkeleenpitkä,Zacisk kurewsko długi,,,,Aperta extremamente longa,Fecha longa pra caralho,,,,,
650,Adjectives,NIPS,Ściska,Daralır,Nips,Z wcięciem,,,Pezón,Afiado no fim,Afiada no fim,,,,,
1000,Prepositions,AT_BALE,At Bale,Balyada,,Na bali,,,,No fardo,No fardo,,,,,
1001,Prepositions,AT_TIRE,At Tire,Tekerde,,Na oponie,,,,No pneu,No pneu,,,,,
1002,Prepositions,AT_BARREL,At Barrel,Varilde,,Na beczce,,,,No barril,No barril,,,,,
1003,Prepositions,AT_ROCK,At Rock,Kayada,,Na kamieniu,,,,Na rocha,Na pedra,,,,,
1004,Prepositions,AT_POLE,At Pole,Direkte,,Na palu,,,,No poste,No poste,,,,,
1005,Prepositions,AT_BUSH,At Bush,Çimde,,Na krzaku,,,,No arbusto,No arbusto,,,,,
1006,Prepositions,AT_TREE,At Tree,Ağaçta,,Na drzewie,,,,Na árvore,Na arvore,,,,,
1007,Prepositions,AT_PATH,At Path,Patikada,,Na ścieżce,,,,No caminho,Pelo caminho,,,,,
1008,Prepositions,AT_PUDDLE,At Puddle,Su birikintisinde,,Na kałuży,,,,Na poça,Na poça d'agua,,,,,
1009,Prepositions,AT_SPECTATOR,At Spectator,Seyircilerin orada,,Na kibicu,,,,No espetador,No espectador,,,,,
1010,Prepositions,AT_MARSHALL,At Marshall,Hakemin orada,,Na sędzi,,,,No comissário,No marechal,,,,,
1011,Prepositions,AT_HOUSE,At House,Evde,,Na domku,,,,Na casa,Na casa,,,,,
1012,Prepositions,AT_BANNER,At Banner,Bannerda,,Na banerze,,,,Na faixa,No banner,,,,,
1013,Prepositions,AT_BARRIER,At Barrier,Bariyerde,,Na barierce,,,,Na barreira,Na barreira,,,,,
1014,Prepositions,AT_ISLAND,At Island,Adada,,Na wysepce,,,,Na ilha,Na ilha,,,,,
1015,Prepositions,AT_WALKWAY,At Walkway,Kaldırımda,,Na chodniku,,,,No passeio,Na calçada,,,,,
1016,Prepositions,AT_SIGN,At Sign,Levhada,,Na znaku,,,,No sinal,Na placa,,,,,
1017,Prepositions,AT_LOG,At Log,Kütükte,,Na kłodzie,,,,No tronco,No tronco,,,,,
1018,Prepositions,AT_CAR,At Car,Arabada,,Na aucie,,,,No carro,No carro,,,,,
1019,Prepositions,AT_SNOW_BANK,At Snow Bank,Kar yığınında,,Na zaspie,,,,No banco de neve,No banco de neve,,,,,
1020,Prepositions,AT_STUMP,At Stump,Ağaç Kökünde,,Na pniu,,,,No cepo,No tronco,,,,,
1021,Prepositions,AT_NETTING,At Netting,Filede,,Na siatce,,,,Na rede,Na rede,,,,,
1022,Prepositions,AT_TAPE,At Tape,Bantta,,Na taśmie,,,,Na fita,Na fita,,,,,
1023,Prepositions,AT_WALL,At Wall,Duvarda,,Na ścianie,,,,No muro,Na parede,,,,,
1024,Prepositions,AT_FENCE,At Fence,Çitte,,Na płocie,,,,Na cerca,Na cerca,,,,,
1025,Prepositions,AT_CONE,At Cone,Konide,,Na pachołku,,,,No cone,No cone,,,,,
1026,Prepositions,AT_SPLIT,At Split,Ayrımda,,Na pomiarze,,,,No parcial,Na bifurcação,,,,,
1035,Prepositions,AT_FORD,At Ford,Geçitte,,Na rzeczce,,,,Na passagem de água,No corrego,,,,,
1036,Prepositions,AT_BUMP,At Bump,Tümsekte,,Na wyboju,,,,No ressalto,Na lombada,,,,,
1037,Prepositions,AT_JUMP,At Jump,Zıplamada,,Na chopie,,,,No salto,No salto,,,,,
1038,Prepositions,AT_BRIDGE,At Bridge,Köprüde,,Na moście,,,,Na ponte,Na ponte,,,,,
1039,Prepositions,AT_CREST,At Crest,Tepede,,Na szczycie,,,,Na lomba,No alto,,,,,
1040,Prepositions,AT_BROW,At Brow,Yamaçta,,Na garbie,,,,Na lomba curta,Na lomba baixa,,,,,
1041,Prepositions,AT_DITCH,At Ditch,Hendekte,,Na rowie,,,,Na vala,Na vala,,,,,
1042,Prepositions,AT_CHICANE,At Chicane,Şikanda,,Na szykanie,,,,Na chicane,Na chicane,,,,,
1043,Prepositions,AT_DIP,At Dip,Dipte,,Na dnie,,,,Na depressão,Na depressão,,,,,
1044,Prepositions,AT_DROP,At Drop,Düşerken,,Na spadku,,,,No desnível,Na descida,,,,,
1045,Prepositions,AT_GATE,At Gate,Geçitte,,Na bramie,,,,No portão,No portão,,,,,
1046,Prepositions,AT_TUNNEL,At Tunnel,Tünelde,,Na tunelu,,,,No tunel,No tunel,,,,,
1047,Prepositions,AT_CURB,At Curb,Kerbde,,Na krawężniku,,,,No lancil,No meio-fio,,,,,
1048,Prepositions,AT_RAILS,At Rails,Raylarda,,Na szynach,,,,No trilho,Nos trilhos,,,,,
1049,Prepositions,AT_RAILWAY,At Railway,Tren yolunda,,Na kolei,,,,No caminho de ferro,Na rodovia,,,,,
1050,Prepositions,AT_BUMPS,At Bumps,Tümseklerde,,Na wybojach,,,,Nos ressaltos,Nas lombadas,,,,,
1051,Prepositions,AT_HOLE,At Hole,Çukurda,,Na dziurze,,,,No buraco,No buraco,,,,,
1052,Prepositions,AT_GRATE,At Grate,Mazgalda,,Na tarce,,,,Na grade metálica,Na grade,,,,,
1053,Prepositions,AT_RUT,At Rut,Teker izinde,,Na koleinie,,,,No sulco,No sulco,,,,,
1054,Prepositions,AT_RUTS,At Ruts,Teker izlerinde,,Na koleinach,,,,Nos sulcos,Nos sulcos,,,,,
1055,Prepositions,AT_ROUNDABOUT,At Roundabout,Göbekte,,Na rondzie,,,,Na rotunda à volta,Na rotatoria,,,,,
1056,Prepositions,AT_JUNCTION,At Junction,Yol ağzında,,Na krzyżówce,,,,No cruzamento,Na juncao,,,,,
1057,Prepositions,AT_FORK,At Fork,Çatalda,,Na rozwidleniu,,,,Na bifurcação,Na bifuracacao,,,,,
1058,Prepositions,AT_LAYBY,At Layby,Cepte,,Na zatoczce,,,,No carro,No carro,,,,,
1059,Prepositions,AT_INCLINE,At Incline,Eğimde,,Na wzniesieniu,,,,No inclinado,Na inclinacao,,,,,
1060,Prepositions,AT_HILL,At Hill,Yokuşta,,Na górce,,,,Na colina,Na colina,,,,,
1061,Prepositions,AT_SLOPE,At Slope,Yokuşta,,Na zboczu,,,,No declive,No barranco,,,,,
1062,Prepositions,AT_FIELD,At Field,Arazide,,Na polu,,,,No campo,No campo,,,,,
1063,Prepositions,AT_WATER,At Water,Suyun orada,,Na wodzie,,,,Na água,Na agua,,,,,
1064,Prepositions,AT_NIP,At Sumppu,,,Na winklu,,,,Na estreita,No achatamento,,,,,
1075,Prepositions,AT_BLACK,At Black,Siyahta,Mustalta,Na czarnym,,,,No preto,No preto,,,,,
1076,Prepositions,AT_BLUE,At Blue,Mavide,Siniseltä,Na niebieskim,,,,No azul,No azul,,,,,
1077,Prepositions,AT_GREEN,At Green,Yeşilde,Vihreeltä,Na zielonym,,,,No verde,No verde,,,,,
1078,Prepositions,AT_RED,At Red,Kırmızıda,Punaselta,Na czerwonym,,,,No vermelho,No vermelho,,,,,
1079,Prepositions,AT_WHITE,At White,Beyazda,Valkoselta,Na białym,,,,No branco,No branco,,,,,
1080,Prepositions,AT_YELLOW,At Yellow ,Sarıda,Keltaselta,Na żółtym,,,,No amarelo,No amarelo,,,,,
1081,Prepositions,AT_OBJECT,At Object,Objede,Esineeltä,Na czymś,,,,No objeto,No objeto,,,,,
1082,Prepositions,AT_THING,At Thing,Şeyde,Jutulta,Na tym,,,,Na coisa,Na coisa,,,,,
1083,Prepositions,AT_MARK,At Mark,İşarette,,Na znaku,,,,Na marca,Na marca,,,,,
1100,Prepositions,AT_BALES,At Bales,Balya,,Na balach,,,,Fardos,Fardos,,,,,
1101,Prepositions,AT_TIRES,At Tires,Teker,,Na oponach,,,,Pneus,Pneus,,,,,
1102,Prepositions,AT_BARRELS,At Barrels,Varil,Tynnyrit,Na beczkach,,,Bariles,Barris,Barris,,,,,
1103,Prepositions,AT_ROCKS,At Rocks,Taş,,Na kamieniach,,,Rocas,Pedras,Pedras,,,,,
1104,Prepositions,AT_POLES,At Poles,Direk,Tolpat,Na słupkach,,,,Postes,Postes,,,,,
1105,Prepositions,AT_BUSHES,At Bushes,Çim,,Na krzakach,,,,Arbustos,Arbustos,,,,,
1106,Prepositions,AT_TREES,At Trees,Ağaç,,Na drzewach,,,,Árvores,Árvores,,,,,
1107,Prepositions,AT_PATHS,At Paths,Patika,,Na ścieżkach,,,,Caminhos,Caminhos,,,,,
1108,Prepositions,AT_PUDDLES,At Puddles,Su birikintisi,,Na kałużach,,,,Poças,Poças,,,,,
1109,Prepositions,AT_SPECTATORS,At Spectators,İzleyici,Katsojat,Na kibicach,,,Espectadores,Espectadores,Espectadores,,,,,
1110,Prepositions,AT_MARSHALLS,At Marshalls,Marshall,Järkkärit,Na sędziach,,,Comisarios,Commissarios,Marechais,,,,,
1111,Prepositions,AT_HOUSES,At Houses,Ev,,Na domach,,,,Casas,Casas,,,,,
1112,Prepositions,AT_BANNERS,At Banners,Banner,,Na banerach,,,,Faixas,Banners,,,,,
1113,Prepositions,AT_BARRIERS,At Barriers,Bariyer,,Na barierkach,,,,Barreiras,Barreiras,,,,,
1114,Prepositions,AT_ISLANDS,At Islands,Ada,,Na wysepkach,,,,Ilhas,Ilhas,,,,,
1115,Prepositions,AT_WALKWAYS,At Walkways,Kaldırım,,Na chodnikach,,,,Passeios,Calçadas,,,,,
1116,Prepositions,AT_SIGNS,At Signs,Tabela,,Na znakach,,,,Sinais,Placas,,,,,
1117,Prepositions,AT_LOGS,At Logs,Kütük,,Na drwach,,,,Troncos,Troncos,,,,,
1118,Prepositions,AT_CARS,At Cars,Araba,,Na autach,,,,Carros,Carros,,,,,
1119,Prepositions,AT_SNOW_BANKS,At Snow Banks,Kar yığını,,Na zaspach,,,,Bancos de neve,Bancos de neve,,,,,
1120,Prepositions,AT_STUMPS,At Stumps,Ağaç kökü,,Na pieńkach,,,,Cepos,Troncos,,,,,
1121,Prepositions,AT_NETTINGS,At Nettings,File,,Na siatkach,,,,Redes,Redes,,,,,
1122,Prepositions,AT_TAPES,At Tapes,Bant,,Na taśmach,,,,Fitas,Fitas,,,,,
1123,Prepositions,AT_WALLS,At Walls,Duvar,,Na ścianach,,,,Muros,Paredes,,,,,
1124,Prepositions,AT_FENCES,At Fences,Çit,,Na płotach,,,,Cercas,Cercas,,,,,
1125,Prepositions,AT_CONES,At Cones,Koni,,Na pachołkach,,,,Cones,Cones,,,,,
1250,Construction,BALES,Bales,Balya,,Bale,,,,Fardos,Fardos,,,,,
1251,Construction,TIRES,Tires,Teker,,Opony,,,,Pneus,Pneus,,,,,
1252,Construction,BARRELS,Barrels,Varil,Tynnyrit,Beczki,,,Bariles,Barris,Barris,,,,,
1253,Construction,ROCKS,Rocks,Taş,,Kamienie,,,Rocas,Pedras,Pedras,,,,,
1254,Construction,POLES,Poles,Direk,Tolpat,Słupki,,,,Postes,Postes,,,,,
1255,Construction,BUSHES,Bushes,Çim,,Krzaki,,,,Arbustos,Arbustos,,,,,
1256,Construction,TREES,Trees,Ağaç,,Drzewa,,,,Árvores,Árvores,,,,,
1257,Construction,PATHS,Paths,Patika,,Ścieżki,,,,Caminhos,Caminhos,,,,,
1258,Construction,PUDDLES,Puddles,Su birikintisi,,Kałuże,,,,Poças,Poças,,,,,
1259,Construction,SPECTATORS,Spectators,İzleyici,Katsojat,Kibice,,,Espectadores,Espectadores,Espectadores,,,,,
1260,Construction,MARSHALLS,Marshalls,Marshall,Järkkärit,Sędziowie,,,Comisarios,Commissarios,Marechais,,,,,
1261,Construction,HOUSES,Houses,Ev,,Domy,,,,Casas,Casas,,,,,
1262,Construction,BANNERS,Banners,Banner,,Banery,,,,Faixas,Banners,,,,,
1263,Construction,BARRIERS,Barriers,Bariyer,,Barierki,,,,Barreiras,Barreiras,,,,,
1264,Construction,ISLANDS,Islands,Ada,,Wysepki,,,,Ilhas,Ilhas,,,,,
1265,Construction,WALKWAYS,Walkways,Kaldırım,,Chodniki,,,,Passeios,Calçadas,,,,,
1266,Construction,SIGNS,Signs,Tabela,,Znaki,,,,Sinais,Placas,,,,,
1267,Construction,LOGS,Logs,Kütük,,Drwa,,,,Troncos,Troncos,,,,,
1268,Construction,CARS,Cars,Araba,,Auta,,,,Carros,Carros,,,,,
1269,Construction,SNOW_BANKS,Snow Banks,Kar yığını,,Zaspy,,,,Bancos de neve,Bancos de neve,,,,,
1270,Construction,STUMPS,Stumps,Ağaç kökü,,Pieńki,,,,Cepos,Troncos,,,,,
1271,Construction,NETTINGS,Nettings,File,,Siatki,,,,Redes,Redes,,,,,
1272,Construction,TAPES,Tapes,Bant,,Taśmy,,,,Fitas,Fitas,,,,,
1273,Construction,WALLS,Walls,Duvar,,Ściany,,,,Muros,Paredes,,,,,
1274,Construction,FENCES,Fences,Çit,,Płoty,,,,Cercas,Cercas,,,,,
1275,Construction,CONES,Cones,Koni,,Pachołki,,,,Cones,Cones,,,,,
1300,Surface,GRIPPY_MIDDLE,Grippy Middle,Ortadan tutuş,Pito Keskellä,Klei środkiem,,,,Aderência no meio,Aderente no meio,,,,,
1301,Surface,GRIPPY_INSIDE,Grippy Inside,İçerden tutuş,Pito Sisällä,Klei wewnątrz,,,,Aderência por dentro,Aderente por dentro,,,,,
1302,Surface,GRIPPY_OUTSIDE,Grippy Outside,Dışarıdan tutuş,Pito Ulkona,Klei zewnątrz,,,,Aderência por fora,Aderente por fora,,,,,
1303,Surface,GRIPPY_BRAKING,Grippy Braking,Tutuşlu fren ,,Klejące dohamowanie,,,,Aderência na travagem,Aderente na frenagem,,,,,
1304,Surface,GRIPPY_ENTRY,Grippy Entry,Tutuşlu giriş,,Klejące wejście,,,,Aderência na entrada,Entrada aderente,,,,,
1305,Surface,GRIPPY_EXIT,Grippy Exit,Tutuşlu çıkış,,Klejące wyjście,,,,Aderência na saída,Saida aderente,,,,,
1306,Surface,GRIPPY_MAYBE,Maybe Grippy,Tutuşlu belki,,Dość przyczepnie,,,,Aderência talvez,Aderente talvez,,,,,
1307,Surface,GRIPPY_VERY,Very Grippy,Çok tutuşlu,,Bardzo przyczepnie,,,,Muita aderência,Muito aderente,,,,,
1310,Surface,DIRTY_MIDDLE,Dirty Middle,Ortada topraklı,,Syf środkiem,,,,Sujo no meio,Sujo pelo meio,,,,,
1311,Surface,DIRTY_INSIDE,Dirty Inside,İçeride topraklı,,Syf wewnątrz,,,,Sujo por dentro,Sujo por dentro,,,,,
1312,Surface,DIRTY_OUTSIDE,Dirty Outside,Dışarda topraklı,,Syf zewnątrz,,,,Sujo por fora,Sujo por fora,,,,,
1313,Surface,DIRTY_BRAKING,Dirty Braking,Topraklı frenleme,,Brudne dohamowanie,,,,Sujo na travagem,Frenagem suja,,,,,
1314,Surface,DIRTY_ENTRY,Dirty Entry,Topraklı girişi,,Brudne wejście,,,,Sujo na entrada,Entrada suja,,,,,
1315,Surface,DIRTY_EXIT,Dirty Exit,Topraklı çıkışı,,Brudne wyjście,,,,Sujo na saída,Saida suja,,,,,
1316,Surface,DIRTY_MAYBE,Maybe Dirty,Topraklı belki,,Może brudno,,,,Sujo talvez,Sujo talvez,,,,,
1317,Surface,DIRTY_VERY,Very Dirty,Çok topraklı,,Giga syf,,,,Muito sujo,Muito sujo,,,,,
1320,Surface,MUDDY_MIDDLE,Muddy Middle,Çamurlu orta,,Grzązko środkiem,,,,Lamacento no meio,Enlameado pelo meio,,,,,
1321,Surface,MUDDY_INSIDE,Muddy Inside,Çamurlu iç,,Grzązko wewnątrz,,,,Lamacento por dentro,Enlameado por dentro,,,,,
1322,Surface,MUDDY_OUTSIDE,Muddy Outside,Çamurlu dış,,Grzązko zewnątrz,,,,Lamacento por fora,Enlameado por fora,,,,,
1323,Surface,MUDDY_BRAKING,Muddy Braking,Çamurlu frenleme,,Grzązkie hamowanie,,,,Lamacento na travagem,Frenagem na lama,,,,,
1324,Surface,MUDDY_ENTRY,Muddy Entry,Çamurlu giriş,,Grzązkie wejście,,,,Lamacento na entrada,Entrada pela lama,,,,,
1325,Surface,MUDDY_EXIT,Muddy Exit,Çamurlu çıkış,,Grzązkie wyjście,,,,Lamacento na saída,Saida pela lama,,,,,
1326,Surface,MUDDY_MAYBE,Maybe Muddy,Belki çamur,,Może grzązko,,,,Lamacento talvez,Enlameado talvez,,,,,
1327,Surface,MUDDY_VERY,Very Muddy,Çok çamurlu,,Bardzo grzązko,,,,Muito lamacento,Muito enlameado,,,,,
1330,Surface,SLIPPY_MIDDLE,Slippy Middle,Ortası kaygan,,Śliski środek,,,,Escorregadio no meio,Escorregadio pelo meio,,,,,
1331,Surface,SLIPPY_OUTSIDE,Slippy Outside,Dışarısı kaygan,,Ślisko zewnątrz,,,,Escorregadio por fora,Escorregadio por fora,,,,,
1332,Surface,SLIPPY_INSIDE,Slippy Inside,içerisi kaygan,,Ślisko wewnątrz,,,,Escorregadio por dentro,Escorregadio por dentro,,,,,
1333,Surface,SLIPPY_BRAKING,Slippy Braking,Kaygan frenleme,Liukas Jarrutus,Śliskie dohamowanie,,,,Escorregadio na travagem,Frenagem escorregadia,,,,,
1334,Surface,SLIPPY_ENTRY,Slippy Entry,Giriş kaygan,Liukas Alussa,Śliskie wejście,,,,Escorregadio na entrada,Entrada escorregadia,,,,,
1335,Surface,SLIPPY_EXIT,Slippy Exit,Çıkış kaygan,Liukas Lopussa,Śliskie wyjście,,,,Escorregadio na saída,Saida escorregadia,,,,,
1336,Surface,SLIPPY_MAYBE,Maybe Slippy,belki kaygan,,Może ślisko,,,,Escorregadio talvez,Escorregadio talvez,,,,,
1337,Surface,SLIPPY_VERY,Very Slippy,Çok kaygan,,Bardzo ślisko,,,,Muito escorregadio,Muito escorregadio,,,,,
1340,Surface,BUMPY_MIDDLE,Bumpy Middle,Ortada engebe,,Wyboisty środek,,,,Solavancos no meio,Solavancos pelo meio,,,,,
1341,Surface,BUMPY_INSIDE,Bumpy Inside,İçeride engebe,,Wyboje wewnątrz,,,,Solavancos por dentro,Solavancos na entrada,,,,,
1342,Surface,BUMPY_OUTSIDE,Bumpy Outside,Dışarda engebe,,Wyboje zewnątrz,,,,Solavancos por fora,Solavancos na saida,,,,,
1343,Surface,BUMPY_BRAKING,Bumpy Braking,Engebeli fren,Jarru Pomputtaa,Wyboiste dohamowanie,,,,Solavancos na travagem,Frenagem pelos solavancos,,,,,
1344,Surface,BUMPY_ENTRY,Bumpy Entry,Giriş engebeli,,Wyboiste wejście,,,,Solavancos na entrada,Entrada pelos solavancos,,,,,
1345,Surface,BUMPY_EXIT,Bumpy Exit,Çıkış engebeli,,Wyboiste wyjście,,,,Solavancos na saída,Saida pelos solavancos,,,,,
1346,Surface,BUMPY_MAYBE,Maybe Bumpy,Engebe belki,,Może podbijać,,,,Solavancos talvez,Solavancos talvez,,,,,
1347,Surface,BUMPY_VERY,Very Bumpy,çok engebeli,,Bardzo wyboiście,,,,Muitos solavancos,Muitos solavancos,,,,,
1350,Surface,ROUGH_MIDDLE,Rough Middle,ortası sert,,Wyrwy środkiem,,,,Irregular no meio,Acidentado pelo meio,,,,,
1351,Surface,ROUGH_INSIDE,Rough Inside,İçerisi sert,,Wyrwy wewnątrz,,,,Irregular por dentro,Acidentado por dentro,,,,,
1352,Surface,ROUGH_OUTSIDE,Rough Outside,dışarısı sert,,Wyrwy zewnątrz,,,,Irregular por fora,Acidentado por fora,,,,,
1353,Surface,ROUGH_BRAKING,Rough Braking,Sert fren,,Porwane dohamowanie,,,,Irregular na travagem,Frenagem bruta,,,,,
1354,Surface,ROUGH_ENTRY,Rough Entry,Sert giriş,,Wyrwy na wejściu,,,,Irregular na entrada,Entrada irregular,,,,,
1355,Surface,ROUGH_EXIT,Rough Exit,Sert çıkış,,Wyrwy na wyjściu,,,,Irregular na saída,Saída irregular,,,,,
1356,Surface,ROUGH_MAYBE,Maybe Rough,Belki sert,,Może rozrywać nawierzchnię,,,,Irregular talvez,Acidentado talvez,,,,,
1357,Surface,ROUGH_VERY,Very Rough,çok sert,,Wyrwy,,,,Muito irregular,Muito acidentado,,,,,
1360,Surface,SMOOTH_MIDDLE,Smooth Middle,Ortası yumuşak,,Gładki środek,,,,Suave no meio,Plano pelo meio,,,,,
1361,Surface,SMOOTH_INSIDE,Smooth Inside,İçerisi yumuşak,,Gładko wewnąrz,,,,Suave por dentro,Plano por dentro,,,,,
1362,Surface,SMOOTH_OUTSIDE,Smooth Outside,Dışarısı yumuşak,,Gładko zewnątrz,,,,Suave por fora,Plano por fora,,,,,
1363,Surface,SMOOTH_BRAKING,Smooth Braking,Yumuşak fren,,Gładkie dohamowanie,,,,Suave na travagem,Frenagem tranquila,,,,,
1364,Surface,SMOOTH_ENTRY,Smooth Entry,Yumuşak giriş,,Gładkie wejście,,,,Suave na entrada,Entrada plana,,,,,
1365,Surface,SMOOTH_EXIT,Smooth Exit,Yumuşak çıkış,,Gładkie wyjście,,,,Suave na saída,Saida plana,,,,,
1366,Surface,SMOOTH_MAYBE,Maybe Smooth,yumuşak belki,,Może gładko,,,,Suave talvez,Plano talvez,,,,,
1367,Surface,SMOOTH_VERY,Very Smooth,Çok yumuşak,,Gładziutko,,,,Muito suave,Muito plana,,,,,
1400,Surface,GRIT_LOOSE,Loose Grit,Gevşek kum,,Luźny żwir,,,,Areia solta,Granito solto,,,,,
1401,Surface,GRAVEL_LOOSE,Loose Gravel,Gevşek çakıl,,Luźny szuter,,,,Cascalho solto,Cascalho solto,,,,,
1402,Surface,DIRT_LOOSE,Loose Dirt,Gevşek toprak,,Luźny syf,,,,Terra solta,Barro solto,,,,,
1403,Surface,TARMAC_LOOSE,Loose Tarmac,Gevşek Asfalt,,Luźny asfalt,,,,Asfalto solto,Asfalto solto,,,,,
1404,Surface,CONCRETE_LOOSE,Loose Concrete,Gevşek beton,,Luźny beton,,,,Betão solto,Concreto solto,,,,,
1405,Surface,RUBBLE_LOOSE,Loose Rubble,Gevşek moloz,,Luźny gruz,,,,Entulho solto,Destroço solto,,,,,
1406,Surface,SNOW_LOOSE,Loose Snow,Gevşek kar,,Sypki śnieg,,,,Neve solta,Neve espalhada,,,,,
1407,Surface,ICE_LOOSE,Loose Ice,Gevşek buz,,Luźny lód,,,,Gelo solto,Gelo solto,,,,,
1408,Surface,BLACK_ICE_LOOSE,Loose Black Ice,,,Luźny czarny lód,,,,Camada de gelo solta,Gelo preto solto,,,,,
1409,Surface,MUD_LOOSE,Loose Mud,Gevşek çamur,,Luźne błoto,,,,Lama solta,Lama espalhada,,,,,
1410,Surface,COBBLES_LOOSE,Loose Cobbles,Gevşek kaldırım,,Luźna kostka,,,,Calçada solta,Paralelepipedos soltos,,,,,
1420,Surface,GRIT_FIRM,Firm Grit,Sıkı kum,,Zwarty żwir,,,,Areia firme,Granito firme,,,,,
1421,Surface,GRAVEL_FIRM,Firm Gravel,Sıkı çakıl,,Zwarty szuter,,,,Cascalho firme,Cascalho firme,,,,,
1422,Surface,DIRT_FIRM,Firm Dirt,Sıkı toprak,,Zwarty syf,,,,Terra firme,Barro firme,,,,,
1423,Surface,TARMAC_FIRM,Firm Tarmac,Sıkı asfalt,,Stabilny asfalt,,,,Asfalto firme,Asfalto firme,,,,,
1424,Surface,CONCRETE_FIRM,Firm Concrete,Sıkı beton,,Stabilny beton,,,,Betão firme,Concreto firme,,,,,
1425,Surface,RUBBLE_FIRM,Firm Rubble,Sıkı moloz,,Zwarty gruz,,,,Entulho firme,Destroço firme,,,,,
1426,Surface,SNOW_FIRM,Firm Snow,Sıkı kar,,Zbity śnieg,,,,Neve firme,Neve firme,,,,,
1427,Surface,ICE_FIRM,Firm Ice,Sıkı buz,,Zbity lód,,,,Gelo firme,Gelo firme,,,,,
1428,Surface,BLACK_ICE_FIRM,Firm Black Ice,,,Zbity czarny lód,,,,Camada de gelo firme,Gelo preto firme,,,,,
1429,Surface,MUD_FIRM,Firm Mud,Sıkı çamur,,Zwarte błoto,,,,Lama firme,Lama firme,,,,,
1430,Surface,COBBLES_FIRM,Firm Cobbles,Sıkı kaldırım,,Stabilna kostka,,,,Calçada firme,Paralelepipedos firmes,,,,,
1440,Surface,GRIT_SLIPPY,Slippy Grit,Kaygan kum,,Śliski żwir,,,,Areia escorregadia,Granito escorregadio,,,,,
1441,Surface,GRAVEL_SLIPPY,Slippy Gravel,Kaygan çakıl,,Śliski szuter,,,,Cascalho escorregadio,Cascalho escorregadio,,,,,
1442,Surface,DIRT_SLIPPY,Slippy Dirt,Kaygan toprak,,Śliski syf,,,,Terra escorregadia,Barro escorregadio,,,,,
1443,Surface,TARMAC_SLIPPY,Slippy Tarmac,Kaygan asfalt,,Śliski asfalt,,,,Asfalto escorregadio,Asfalto escorregadio,,,,,
1444,Surface,CONCRETE_SLIPPY,Slippy Concrete,Kayban beton,,Śliski beton,,,,Betão escorregadio,Concreto escorregadio,,,,,
1445,Surface,RUBBLE_SLIPPY,Slippy Rubble,Kaygan moloz,,Śliski gruz,,,,Entulho escorregadio,Destroço escorregadio,,,,,
1446,Surface,SNOW_SLIPPY,Slippy Snow,Kaygan kar,,Śliski śnieg,,,,Neve escorregadio,Neve escorregadia,,,,,
1447,Surface,ICE_SLIPPY,Slippy Ice,Kargan buz,,Śliski lód,,,,Gelo escorregadio,Gelo escorregadio,,,,,
1448,Surface,BLACK_ICE_SLIPPY,Slippy Black Ice,,,Śliski czarny lód,,,,Camada de gelo escorregadia,Gelo preto escorregadio,,,,,
1449,Surface,MUD_SLIPPY,Slippy Mud,Kaygan çamur,,Śliskie błoto,,,,Lama escorregadia,Lama escorregadia,,,,,
1450,Surface,COBBLES_SLIPPY,Slippy Cobbles,Kaygan kaldırım,,Śliska kostka,,,,Calçada escorregadia,Paralelepipedos escorregadios,,,,,
1460,Surface,GRIT_GRIPPY,Grippy Grit,Tutucu kum,,Lepki żwir,,,,Areia boa aderência,Granito aderente,,,,,
1461,Surface,GRAVEL_GRIPPY,Grippy Gravel,Tutucu çakıl,,Lepki szuter,,,,Cascalho boa aderência,Cascalho aderente,,,,,
1462,Surface,DIRT_GRIPPY,Grippy Dirt,Turucu toprak,,Lepki syf,,,,Terra boa aderência,Barro aderente,,,,,
1463,Surface,TARMAC_GRIPPY,Grippy Tarmac,Turucu Asfalt,,Klejący asfalt,,,,Asfalto boa aderência,Asfalto aderente,,,,,
1464,Surface,CONCRETE_GRIPPY,Grippy Concrete,Turucu beton,,Klejący beton,,,,Betão boa aderência,Concreto aderente,,,,,
1465,Surface,RUBBLE_GRIPPY,Grippy Rubble,Tutucu moloz,,Lepki gruz,,,,Entulho boa aderência,Destroço aderente,,,,,
1466,Surface,SNOW_GRIPPY,Grippy Snow,Tutucu kar,,Lepki śnieg,,,,Neve boa aderência,Neve aderente,,,,,
1467,Surface,ICE_GRIPPY,Grippy Ice,Tutucu buz,,Lepki lód,,,,Gelo boa aderência,Gelo aderente,,,,,
1468,Surface,BLACK_ICE_GRIPPY,Grippy Black Ice,,,Lepki czarny lód,,,,Camada de gelo boa aderência,Gelo preto aderente,,,,,
1469,Surface,MUD_GRIPPY,Grippy Mud,Tutucu çamur,,Lepkie błoto,,,,Lama boa aderência,Lama aderente,,,,,
1470,Surface,COBBLES_GRIPPY,Grippy Cobbles,tutucu kaldırım,,Klejąca kostka,,,,Calçada boa aderência,Paralelepipedos aderentes,,,,,
1480,Surface,GRIT_ROUGH,Rough Grit,Sert kum,,Dziurawy żwir,,,,Areia irregular,Granito aspero,,,,,
1481,Surface,GRAVEL_ROUGH,Rough Gravel,Sert çakıl,,Dziurawy szuter,,,,Cascalho irregular,Cascalho aspero,,,,,
1482,Surface,DIRT_ROUGH,Rough Dirt,Sert toprak,,Dziurawy syf,,,,Terra irregular,Barro aspero,,,,,
1483,Surface,TARMAC_ROUGH,Rough Tarmac,sert asfalt,,Dziurawy asfalt,,,,Asfalto irregular,Asfalto aspero,,,,,
1484,Surface,CONCRETE_ROUGH,Rough Concrete,sert beton,,Dziurawy beton,,,,Betão irregular,Concreto aspero,,,,,
1485,Surface,RUBBLE_ROUGH,Rough Rubble,sert moloz,,Dziurawy gruz,,,,Entulho irregular,Destroço aspero,,,,,
1486,Surface,SNOW_ROUGH,Rough Snow,Sert kar,,Dziurawy śnieg,,,,Neve irregular,Neve aspera,,,,,
1487,Surface,ICE_ROUGH,Rough Ice,Sert buz,,Dziurawy lód,,,,Gelo irregular,Gelo aspero,,,,,
1488,Surface,BLACK_ICE_ROUGH,Rough Black Ice,,,Dziurawy czarny lód,,,,Camada gelo irregular,Gelo preto aspero,,,,,
1489,Surface,MUD_ROUGH,Rough Mud,Sert çamur,,Dziurawe błoto,,,,Lama irregular,Lama aspera,,,,,
1490,Surface,COBBLES_ROUGH,Rough Cobbles,Sert kaldırım,,Dziurawa kostka,,,,Calçada irregular,Paralelepipedos asperos,,,,,
1500,Surface,GRIT_SMOOTH,Smooth Grit,Yumuşak kum,,Gładki żwir,,,,Areia suave,Granito liso,,,,,
1501,Surface,GRAVEL_SMOOTH,Smooth Gravel,Yumuşak çakıl,,Gładki szuter,,,,Cascalho suave,Cascalho liso,,,,,
1502,Surface,DIRT_SMOOTH,Smooth Dirt,Yumuşak toprak,,Gładki syf,,,,Terra suave,Barro liso,,,,,
1503,Surface,TARMAC_SMOOTH,Smooth Tarmac,Yumuşak asfalt,,Gładki asfalt,,,,Asfalto suave,Asfalto liso,,,,,
1504,Surface,CONCRETE_SMOOTH,Smooth Concrete,Yumuşak beton,,Gładki beton,,,,Betão suave,Concreto liso,,,,,
1505,Surface,RUBBLE_SMOOTH,Smooth Rubble,Yumuşak moloz,,Gładki gruz,,,,Entulho suave,Destroço liso,,,,,
1506,Surface,SNOW_SMOOTH,Smooth Snow,Yumuşak kar,,Gładki śnieg,,,,Neve suave,Neve lisa,,,,,
1507,Surface,ICE_SMOOTH,Smooth Ice,Yumuşak buz,,Gładki lód,,,,Gelo suave,Gelo liso,,,,,
1508,Surface,BLACK_ICE_SMOOTH,Smooth Black Ice,,,Gładki czarny lód,,,,Camada gelo suave,Gelo preto liso,,,,,
1509,Surface,MUD_SMOOTH,Smooth Mud,Yumuşak çamur,,Gładkie błoto,,,,Lama suave,Lama lisa,,,,,
1510,Surface,COBBLES_SMOOTH,Smooth Cobbles,Yumuşak kaldırım,,Gładka kostka,,,,Calçada suave,Paralelepipedos lisos,,,,,
1520,Surface,GRIT_DAMP,Damp Grit,Nemli kum,,Wilgotny żwir,,,,Areia húmida,Granito umido,,,,,
1521,Surface,GRAVEL_DAMP,Damp Gravel,Nemli çakıl,,Wilgotny szuter,,,,Cascalho húmido,Cascalho umido,,,,,
1522,Surface,DIRT_DAMP,Damp Dirt,Nemli toprak,,Wilgotny syf,,,,Terra húmida,Barro umido,,,,,
1523,Surface,TARMAC_DAMP,Damp Tarmac,Nemli asfalt,,Wilgotny asfalt,,,,Asfalto húmido,Asfalto umido,,,,,
1524,Surface,CONCRETE_DAMP,Damp Concrete,Nemli beton,,Wilgotny beton,,,,Betão húmido,Concreto umido,,,,,
1525,Surface,RUBBLE_DAMP,Damp Rubble,Nemli moloz,,Wilgotny gruz,,,,Entulho húmido,Destroço umido,,,,,
1526,Surface,SNOW_DAMP,Damp Snow,Nemli kar,,Wilgotny śnieg,,,,Neve húmida,Neve umida,,,,,
1527,Surface,ICE_DAMP,Damp Ice,Nemli buz,,Wilgotny lód,,,,Gelo húmido,Gelo umido,,,,,
1528,Surface,BLACK_ICE_DAMP,Damp Black Ice,,,Wilgotny czarny lód,,,,Camada Gelo húmido,Gelo preto umido,,,,,
1529,Surface,MUD_DAMP,Damp Mud,Nemli çamur,,Wilgotne błoto,,,,Lama húmida,Lama umida,,,,,
1530,Surface,COBBLES_DAMP,Damp Cobbles,Nemli kaldırım,,Wilgotna kostka,,,,Calçada húmida,Paralelepipedos umidos,,,,,
1540,Surface,GRIT_WET,Wet Grit,Islak kum,,Mokry żwir,,,,Areia molhada,Granito molhado,,,,,
1541,Surface,GRAVEL_WET,Wet Gravel,Islak çakıl,,Mokry szuter,,,,Cascalho molhado,Cascalho molhado,,,,,
1542,Surface,DIRT_WET,Wet Dirt,Islak toprak,,Mokry syf,,,,Terra molhada,Barro molhado,,,,,
1543,Surface,TARMAC_WET,Wet Tarmac,Islak asfalt,,Mokry asfalt,,,,Asfalto molhado,Asfalto molhado,,,,,
1544,Surface,CONCRETE_WET,Wet Concrete,Islak beton,,Mokry beton,,,,Betão molhado,Concreto molhado,,,,,
1545,Surface,RUBBLE_WET,Wet Rubble,Islak moloz,,Mokry gruz,,,,Entulho molhado,Destroço molhado,,,,,
1546,Surface,SNOW_WET,Wet Snow,Islak kar,,Mokry śnieg,,,,Neve molhada,Neve molhada,,,,,
1547,Surface,ICE_WET,Wet Ice,Islak buz,,Mokry lód,,,,Gelo molhada,Gelo molhado,,,,,
1548,Surface,BLACK_ICE_WET,Wet Black Ice,,,Mokry czarny lód,,,,Camada gelo molhado,Gelo preto molhado,,,,,
1549,Surface,MUD_WET,Wet Mud,Islak çamur,,Mokre błoto,,,,Lama molhada,Lama molhada,,,,,
1550,Surface,COBBLES_WET,Wet Cobbles,Islak kaldırım,,Mokra kostka,,,,Calçada molhada,Paralelepipedos molhados,,,,,
1560,Surface,GRIT_DRY,Dry Grit,Kuru kum,,Suchy żwir,,,,Areia seca,Granito seco,,,,,
1561,Surface,GRAVEL_DRY,Dry Gravel,Kuru çakıl,,Suchy szuter,,,,Cascalho seco,Cascalho seco,,,,,
1562,Surface,DIRT_DRY,Dry Dirt,Kuru toprak,,Suchy syf,,,,Terra seca,Barro seco,,,,,
1563,Surface,TARMAC_DRY,Dry Tarmac,Kuru asfalt,,Suchy asfalt,,,,Asfato seco,Asfalto seco,,,,,
1564,Surface,CONCRETE_DRY,Dry Concrete,Kuru beton,,Suchy beton,,,,Betão seco,Concreto seco,,,,,
1565,Surface,RUBBLE_DRY,Dry Rubble,Kuru moloz,,Suchy gruz,,,,Entulho seco,Destroço seco,,,,,
1566,Surface,SNOW_DRY,Dry Snow,Kuru kar,,Suchy śnieg,,,,Neve seca,Neve seca,,,,,
1567,Surface,ICE_DRY,Dry Ice,Kuru buz,,Suchy lód,,,,Gelo seco,Gelo seco,,,,,
1568,Surface,BLACK_ICE_DRY,Dry Black Ice,,,Suchy czarny lód,,,,Camada gelo seco,Gelo preto seco,,,,,
1569,Surface,MUD_DRY,Dry Mud,Kuru çamur,,Suche błoto,,,,Lama seca,Lama seca,,,,,
1570,Surface,COBBLES_DRY,Dry Cobbles,Kuru kaldırım,,Sucha kostka,,,,Calçada seca,Paralelepipedos secos,,,,,
1900,Number,No1,,,,,,,,,,,,,,
1901,Number,No2,,,,,,,,,,,,,,
1902,Number,No3,,,,,,,,,,,,,,
1903,Number,No4,,,,,,,,,,,,,,
1904,Number,No5,,,,,,,,,,,,,,
1905,Number,No6,,,,,,,,,,,,,,
1906,Number,No7,,,,,,,,,,,,,,
1907,Number,No8,,,,,,,,,,,,,,
1908,Number,No9,,,,,,,,,,,,,,
1909,Number,No10,,,,,,,,,,,,,,
1910,Number,No20,,,,,,,,,,,,,,
1911,Number,No30,,,,,,,,,,,,,,
1912,Number,No40,,,,,,,,,,,,,,
1913,Number,No50,,,,,,,,,,,,,,
1914,Number,No60,,,,,,,,,,,,,,
1915,Number,No70,,,,,,,,,,,,,,
1916,Number,No80,,,,,,,,,,,,,,
1917,Number,No90,,,,,,,,,,,,,,
1918,Number,No100,,,,,,,,,,,,,,
1919,Number,No120,,,,,,,,,,,,,,
1920,Number,No140,,,,,,,,,,,,,,
1921,Number,No150,,,,,,,,,,,,,,
1922,Number,No160,,,,,,,,,,,,,,
1923,Number,No180,,,,,,,,,,,,,,
1924,Number,No200,,,,,,,,,,,,,,
1925,Number,No250,,,,,,,,,,,,,,
1926,Number,No300,,,,,,,,,,,,,,
1927,Number,No350,,,,,,,,,,,,,,
1928,Number,No400,,,,,,,,,,,,,,
1929,Number,No450,,,,,,,,,,,,,,
1930,Number,No500,,,,,,,,,,,,,,
1931,Number,No600,,,,,,,,,,,,,,
1932,Number,No700,,,,,,,,,,,,,,
1933,Number,No800,,,,,,,,,,,,,,
1934,Number,No900,,,,,,,,,,,,,,
1935,Number,No1000,,,,,,,,,,,,,,
2800,Additional,FAST,Fast,Hızlı,,Szybki,,,Rapido,Rápida,Rápida,,,,,
2801,Additional,EASY,Easy,Kolay,Helppo,Łagodny,,,Facil,Fácil,Fácil,,,,,
2802,Additional,MEDIUM,Medium,Orta,M,Średni,,,Media,Média,Média,,,,,
2803,Additional,HARD,Hard,Zor,Kova,Ostry,,,Dificil,Difícil,Difícil,,,,,
2804,Additional,K,K,K,Nopee,Prostopadły,,,K,K,K,,,,,
2805,Additional,SQUARE,Square,Köşe,Neliö,Hak,,,Cruce,Quadrado,Noventa graus,,,,,
2806,Additional,FLAT,Flat,Düz,Täys,Płaski,,,Tope,Plano,Plano,,,,,
2807,Additional,GOOD,Good,İyi,Hyvä,Dobry,,,Buena,Boa,Boa,,,,,Znajdź inne tłumaczenie
2808,Additional,BAD,Bad,Kötü,Paha,Zły,,,Mala,Má,Ruim,,,,,Znajdź inne tłumaczenie
2809,Additional,NEGATIVE,Negative,Negatif,Nega,Negat,,,Negativo,Negativa,Negativa,,,,,
2810,Additional,POSITIVE,Positive,Pozitif,Posi,Pozytyw,,,Positivo,Positiva,Positiva,,,,,
2811,Additional,LIGHT,Light,Hafif,Kevyt,Lekki,,,Tenue,Leve,Leve,,,,,
2812,Additional,HEAVY,Heavy,Ağır,,Ciężki,,,Pesado,Pesado,Pesado,,,,,
2813,Additional,SMALL,Small,Küçük,Pien,Mały,,,Pequena,Pequena,Pequena,,,,,
2814,Additional,BIG,Big,Büyük,Iso,Duży,,,Grande,Grande,Grande,,,,,
2815,Additional,MUCH,Much,Fazla,Paljon,Bardzo,,,Mucho,Muito,Bastante,,,,,
2816,Additional,FEW,Few,Az,,Kilka,,,Pocos,Alguns,Poucos,,,,,
2817,Additional,MANY,Many,Oldukça,Monia,Wiele,,,Muchas,Muitos,Vários,,,,,
2818,Additional,VERY,Very,Çok,Tosi,Bardzo,,,Muy,Muito,Muito,,,,,
2819,Additional,EXTRA,Extra,İlave,Extra,Extra,,,Extra,Extra,Extra,,,,,
2820,Additional,SURFACE,Surface,Yüzey,Pinta,Nawierzchnia,,,Tipo de Terreno,Superfície,Superfície,,,,,
2821,Additional,ONE_PART,One Part,Tek parça,,Pojedyńczy,,,Único,Único,Único,,,,,
2822,Additional,TWO_PARTS,Two Parts,İki parça,Kaks Osaa,Podwójny,,,Doble,Duplo,Duplo,,,,,
2823,Additional,THREE_PARTS,Three Parts,Üç parça,Kolme Osaa,Potrójny,,,Triple,Triplo,Triplo,,,,,
2824,Additional,FOUR_PARTS,Four Parts,Dört parça,Neljä Osaa,Poczwórny,,,Cuádruple,Quádruplo,Quádruplo,,,,,
2825,Additional,FIVE_PARTS,Five Parts,Beş parça,Viis Osaa,Pięciokrotny,,,Quíntuple,Quintuplo,Quíntuplo,,,,,
2826,Additional,TURN,Turn,Dön,Risteys,Zakręt,,,Torcer,Vire,Vire,,,,,
2827,Additional,CURVE,Curve,kavis,,Łuk,,,Curva,Curva,Curva,,,,,
2828,Additional,FICKLE,Fickle,Kararsız,Häilyvä,Zmienny,,,Caprichoso,Caprichoso,Caprichoso,,,,,
2829,Additional,CRAMPED,Cramped,Sıkışık,Ahdas,Na styk,,,Estrecho,Apertado,Apertado,,,,,
2830,Additional,EDGE,Edge,Kenar,Reuna,Krawędź,,,Reborde,Borda,Beira,,,,,
2831,Additional,BORDER,Border,Sınır,,Granica,,,Borde,Fronteira,Fronteira,,,,,
2832,Additional,SLIDE,Slide,Kayma,Sladi,Uślizg,,,Escuridiza,Desliza,Desliza,,,,,
2833,Additional,HOLLOW,Hollow,çukur,,Pusty,,,Depresion,Oco,Vão,,,,,
2834,Additional,SHOULDER,Shoulder,banket,,Pobocze,,,Arcen,Acostamento,Acostamento,,,,,
,Modifier,TIGHTENS,7 Left,7 Sol,Vasen 7,Siedem lewy,,,Siete Izquierda,Sete Esquerda,Sete Esquerda,,,,,
,Modifier,TIGHTENSBAD,7 Right,7 Sağ,Oikee 7,Siedem prawy,,,Siete Derecha,Sete Direita,Sete Direita,,,,,
,Modifier,LONG,Tightens to 6,Altıya daralır,Kirraa 6,Zacisk Sześć,,,Cierra Seis,Aperta Seis,Aperta Seis,,,,,
,Modifier,MAYBE,,Yediye,,,,,Para Siete,Para Sete,Para Sete,,,,,
,Cautions,CAUTION_WATER,Opens to 7,Yediye açılır,Aukee 7,Otwiera Siedem,,,Abre Siete,Abre Sete,Abre Sete,,,,,
,Line,CUT,Slow Left,Sol yavaş,Vasen Hidas,Wolny lewy,,,,Esquerda lenta,Esquerda lenta,,,,,
,Line,DONTCUT,K Left,Sol K viraj,Vasen Koo,Prostopadły lewy,,,,Esquerda 90,Esquerda K,,,,,
,Links,AND,Medium Left,Orta sol,Vasen Nopee,Średni lewy,,,,Esquerda Média,Esquerda Media,,,,,
,Links,INTO,Fast Left,Hızlı sol,Vasen Eri,Szybki lewy,,,,Esquerda Rápida,Esquerda Rapida,,,,,
,Links,ONTO,Easy Left,Kolay sol,Vasen Helppo,Łagodny lewy,,,,Esquerda Fácil,Esquerda Facil,,,,,
,Links,EMPTY_CALL,Easy Right,Kolay sağ,Oikee Helppo,Łagodny prawy,,,,Direita Fácil,Direita Facil,,,,,
,Links,CALLOUT_ADJUST,Fast Right,Hızlı sağ,Oikee Eri,Szybki prawy,,,,Direita Rápida,Direita Rapida,,,,,
,Links,CALLOUT_TIME,Medium Right,Orta Sağ,Oikee Nopee,Średni prawy,,,,Direita Média,Direita Media,,,,,
,Links,CALLOUT_DISTANCE,K Right,Sağ K viraj,Oikee Koo,Prostopadły prawy,,,,Direita 90,Direita K,,,,,
,Links,SOUND_INDEX,Slow Right,Yavaş sağ,Oikee Hidas,Wolny prawy,,,,Direita lenta,Direita lenta,,,,,
,Links,PLACE_HOLDER,Flat Left,Düz sol,,Prosty lewy,,,Izq tope,Esquerda a fundo,Esquerda plana,,,,,
101,Corners,LEFT_7,Flat Right,Düz sağ,,Prosty prawy,,,Der tope,Direita a Fundo,Direita plana,,,,,
113,Corners,RIGHT_7,Tightens to Easy,Basit daralır,,Zacisk łagodny,,,,Aperta para fácil,Fecha para fácil,,,,,
600,Adjectives,TIGHTENS_TO6,Tightens to Fast,Hızlıya daralır,,Zacisk szybki,,,,Aperta para rápida,Fecha para rápida,,,,,
610,Adjectives,TO7,Tightens to Medium,Orta Daralır,,Zacisk średni,,,,Aperta para média,Fecha para média,,,,,
620,Adjectives,OPENS_TO7,Tightens to K,K viraja Daralır,,Zacisk PROSTOPADŁY,,,,Aperta para K,Fecha para K,,,,,
1,Corners,LEFT_SLOW,Tightens to Slow,Yavaşa daralır,,Zacisk POWOLNY,,,,Aperta para lenta,Fecha para lenta,,,,,
2,Corners,LEFT_K,Flat,Düz,Täys,Max,,,,Plana,Plana,,,,,
3,Corners,LEFT_MEDIUM,Easy,Basit,,Łagodny,,,,Fácil,Fácil,,,,,
4,Corners,LEFT_FAST,Fast,Hızlı,,Szybki,,,,Rápida,Rapida,,,,,
5,Corners,LEFT_EASY,Medium,Orta,,Średni,,,,Média,Media,,,,,
6,Corners,RIGHT_EASY,K,K,,PROSTOPADŁY,,,,K,K,,,,,
7,Corners,RIGHT_FAST,Slow,Yavaş,,POWOLNY,,,,Lento,Lenta,,,,,
8,Corners,RIGHT_MEDIUM,Opens to Flat,Düzlüğe Açılır,,Otwiera Max,,,,Abre para plana,Abre para plana,,,,,
9,Corners,RIGHT_K,Opens to Easy,Basite doğru açılır,,Otwiera łagodny,,,,Abre para fácil,Abre para facil,,,,,
10,Corners,RIGHT_SLOW,Opens to Fast,Hızlıya Açılır,,Otwiera szybki,,,,Abre para rápida,Abre para rapida,,,,,
101,Corners,LEFT_FLAT,Opens to Medium,Orta Açılır,,Otwiera średni,,,,Abre para média,Abre para media,,,,,
113,Corners,RIGHT_FLAT,Opens to K,K viraja açılır,,Otwiera PROSTOPADŁY,,,,Abre para K,Abre para K,,,,,
600,Adjectives,TIGHTENS_TOEASY,Opens to Slow,Yavaşa açılır,,Otwiera POWOLNY,,,,Abre para lenta,Abre para lenta,,,,,
601,Adjectives,TIGHTENS_TOFAST,Tightens,Daralır,Kirraa,Zacisk,,,Cierra,Aperta,Estreita,,,,,
602,Adjectives,TIGHTENS_TOMEDIUM,Tightens Bad,Fena daralır,Kirraa Kirraa,Mocny zacisk,,,Cierra Mucho,Aperta muito,Muito estreita,,,,,
603,Adjectives,TIGHTENS_TOK,Long,Uzun,,Długi,,,Larga,Longa,Longa,,,,,
605,Adjectives,TIGHTENS_TOSLOW,Maybe,Belki,,Może,,,Tal vez,Talvez,Talvez,,,,,
610,Adjectives,TOFLAT,Water,Su,,Woda,,,Cuidado agua,Cuidado Agua,Agua,,,,,
611,Adjectives,TOEASY,Cut,Kes,Leikkaa,Tnij,,,Cortar,Corta,Corta,,,,,
612,Adjectives,TOFAST,Dont cut,Kesme,,Nie tnij,,,No cortar,Nao Corta,Não corta,,,,,
613,Adjectives,TOMEDIUM,And,Ve,Ja,i,,,Para,E,E,,,,,
614,Adjectives,TOK,Into,İçine,Heti,Do,,,por,Para,para,,,,,
616,Adjectives,TOSLOW,Onto,Dışına,Heti,Na,,,En,Para,para,,,,,
620,Adjectives,OPENS_TOFLAT,Empty Call,,,,,,,,,,,,,
621,Adjectives,OPENS_TOEASY,Callout time,,,,,,,,,,,,,
622,Adjectives,OPENS_TOFAST,Callout distance,,,,,,,,,,,,,
623,Adjectives,OPENS_TOMEDIUM,Callout adjust,,,,,,,,,,,,,
624,Adjectives,OPENS_TOK,Sound index,,,,,,,,,,,,,
626,Adjectives,OPENS_TOSLOW,Placeholder,,,,,,,,,,,,,
,Effects,The battery's flat,Electronics are gone,Elektronikler gitti,Akku on sökönä,Elektryka padła,,,,Bateria do carro com falhas,a bateria pifou,,,,,
,Effects,Sounds like the gearbox is broken,Sounds like the gearbox is broken,Vites kutusu kırılmış gibi gözüküyor,Nyt ei kyllä vaihteet toimi kunnolla,Biegi nie wchodzą,,,,A caixa de velocidades não funciona,a marcha não funciona,,,,,
,Effects,There's a problem with the engine,There's a problem with the engine,Motorda bir sorun var gibi,Koneessa jotain vikaa,Silnik nie wyrabia!,,,,Há um problema com o motor,O motor foi pro saco, ,,,,
,Effects,Look's like the steering's broken,Look's like the steering's broken,Direksiyon kırılmış gibi,Vissiin ohjaus paskana,Poszedł wahacz,,,,Eixo da direção partido,o volante não vira,,,,,
,Effects,The suspension's broken,The suspension's broken,Süspansiyonlar kırık,Jouset on paskana,Urwałeś zawieszenie,,,,Suspensão em mau estado,a suspensão 'ta ruim,,,,,
,Effects,The water temperature is really high,The water temperature is really high,Hararet çok yüksek,Lämmöt nousee,Chłodnica się gotuje,,,,Aquecimento excessivo do motor,motor superaquecido,,,,,
,Effects,We've got a fire,FIRE! Run! Run!,YANGIN! Koş! Koş!,"PALAA, ulos ulos!","Ogień, ogień! Spierdalamy!",,,,Há um incêndio no carro,ta pegando fogo bicho!,,,,,
,Effects,We've lost the brakes,We've lost the brakes,Frenleri kaybettik,Tais jarrut mennä,Nie mamy hamulców!,,,,O carro está sem travões,o freio foi pro caralho,,,,,
,Effects,Ugh,Ugh,Ah,,Cholera!,,,,foda-se,merda,,,,,
,Effects,Ughhard,Ughhard,Ahhhh,,KURWA!,,,,ah po'caralho,caralho,,,,,
,Effects,Oh No,Oh No,Olamaz,,O nie!,,,,Oh não.,ah não,,,,,
,Effects,Watch,Watch,İzle,,Uważaj!,,,,Assistir,barbeiro,,,,,
,Countdown,GO,GO!,Yürü,,START!,,,,Vai,,,,,,
,UI,Add,Add,Ekle,,Dodaj,,,Cargar,Adicionar,Adicionar,,,,,
,UI,Apply,Apply,Uygula,,Zastosuj,,,Aplicar,Aplicar,Aplicar,,,,,
,UI,BackupDlsFailed,Failed to make a backup copy of DLS file!,,,Nieudany backup pliku DLS!,,,,Falha ao fazer uma copia de backup do arquivo DLS!,Falha ao fazer uma copia de backup do arquivo DLS!,,,,,
,UI,CalloutHandler,Callout Handler,,,,,,,Gerenciador das indicacoes de notas,Gerenciador dos indicadores de notas,,,,,
,UI,CalloutValue,Callout Value,,,Zawartość notatki,,,,Valor das indicacoes de notas,Valor das indicacoes de notas,,,,,
,UI,CamAnimation,Animation Camera,,,Animowana,,,Cámara animada,Camera Animacao,Camera Animacao,,,,,
,UI,CamB,Cam B,,,B,,,Cámara B,Camera B,Camera B,,,,,
,UI,CamBird,Bird Cam,Kuşbakışı Kamerası,,Ptaka,,,,Vista Ave,Vista Ave,,,,,
,UI,CamBonnet2,Bonnet Cam,Kaput Kamerası,,Z maski,,,,Vista Interna,Vista interna,,,,,
,UI,CamBonnet,Bumper Cam,Tampon Kamerası,,Ze zderzaka,,,,Vista Pára-choques,Vista Para-choques,,,,,
,UI,CamCondor,Condor Cam,Akbaba Kamerası,,Kondor,,,,Vista Condor,Vista Condor,,,,,
,UI,CamEagle,Eagle Cam,Kartal Kamerası,,Orzeł,,,,Vista Águia,Vista Aguia,,,,,
,UI,CamExternal,External Cam,Dış Kamera,,Zewnętrzna,,,,Vista Exterior,Vista Exterior,,,,,
,UI,CamHawk,Hawk Cam,Şahin Kamerası,,Jastrząb,,,,Vista Falcão,Vista Falcao,,,,,
,UI,CamHeli,Helicopter Cam,Helikopter Kamerası,,Helikopter,,,,Vista Heli,Vista Heli,,,,,
,UI,CamHeliLeft,Left Helicopter Cam,Sol Helikopter Kamerası,,Helikopter z lewej,,,,Vista Esq Heli,Vista Esq Heli,,,,,
,UI,CamHeliRight,Right Helicopter Cam,Sağ Helikopter Kamerası,,Helikopter z prawej,,,,Vista Dir Heli,Vista Dir Heli,,,,,
,UI,CamInternal,Internal Cam,İç Kamerası,,Wewnętrzna,,,Cámara Interna,Vista Condutor,Vista Condutor,,,,,
,UI,CamNine,Cam Nine,Kamera Dokuz,,Dziewięć,,,Cámara 9,Câmera Nove,Camera nove,,,,,
,UI,CamReplay,Replay Cam,Tekrar kamerası,,Powtórki,,,Replay Camera,"Câmera ""Replay""",Camera replay,,,,,
,UI,CamSix,Cam Six,Kamera Altı,,Sześć,,,Cámara 6,Câmera Seis,Camera seis,,,,,
,UI,CamTwo,Cam Two,Kamera İki,,Dwa,,,Cámara 2,Câmera Dois,Camera dois,,,,,
,UI,CamZero,Cam Zero,Kamera Sıfır,,Zero,,,Cámara 0,Câmera Zero,Camera zero,,,,,
,UI,Camera,Camera,Kamera,,Kamera,,,Cámara,Câmera,Camera,,,,,
,UI,CameraEditor,Camera Editor,Kamera editör,,Edytor Kamery,,,Editor de camars,Editor Vista,Editor de camera,,,,,
,UI,Cancel,Cancel,İptal,,Anuluj,,,Cancelar,Cancelar,Cancelar,,,,,
,UI,CannotFindRequestedFile,Cannot find the requested file.,İstenen dosya bulunamıyor,,Nie ma takiego pliku,,,Cannot find the requested file.,Não é possível encontrar o arquivo solicitado,Nao e possivel encontrar o arquivo solicitado,,,,,
,UI,CarDamage,Car Damage,Araç hasarı,,Uszkodzenia samochodu,,,Danos vehiculo,Dano na viatura,Dano do carro,,,,,
,UI,CarPosition,Car Position,Araç pozisyonu,,Pozycja samochodu,,,Posicion del coche,Posição da viatura,Posicao do carro,,,,,
,UI,Category,Category,Kategori,,Kategoria,,,Categoria,Categoria,Categoria,,,,,
,UI,Dash,Dash,,,Dash,,,Relojes,Tacografo,Tacografo,,,,,
,UI,DataSize,Data Size (MB),Veri boyutu,,Rozmiar danych (MB),,,,Data Size (MB),Tamanho do arquivo (MB),,,,,
,UI,Delete,Delete,Sil,,Usuń,,,Borrar,Eliminar,Apagar,,,,,
,UI,Disabled,Disabled,Etkisizleştir,,Nieaktywny,,,Desactivar,Desactivar,Desativar,,,,,
,UI,Drive,Drive,Sürme,,Jedź,,,Drive,Conduzir,Pilotar,,,,,
,UI,Enabled,Enabled,Etkinleştir,,Aktywny,,,Activar,Activo,Ativo,,,,,
,UI,Exit,Exit,Çıkış,,Wyjdź,,,Salir,Saída,Sair,,,,,
,UI,ExportToTsv,Export To TSV,TSV'ye çıkar,,Exportuj do TSV,,,Export To TSV,Exportar para Tsv,Exportar para Tsv,,,,,
,UI,Extras,Extras,Ekstralar,,Dodatki,,,Extras,Extras,Extras,,,,,
,UI,Feature,Feature,İçerik,,Funkcja,,,Feature,Destaque,Destaque,,,,,
,UI,File,File,Dosya,,Plik,,,Archivo,Ficheiro,Arquivo,,,,,
,UI,FileAlreadyExistsReplace,The file already exists. Replace it?,Dosyanın aynısı var. Tekrar yerleştir?,,Plik istnieje. Nadpisać?,,,,O arquivo já existe. Substituir?,O arquivo ja existe. Substituir?,,,,,
,UI,FileDontExist,The file doesnt exist,Dısya mevcut değil,,Plik nie istnieje,,,,O arquivo não existe,O arquivo nao existe,,,,,
,UI,Filename,Filename,Dosya adı,,Nazwa pliku,,,Nombre del archivo,Nome do ficheiro,Nome do arquivo,,,,,
,UI,FillStack,Fill Stack,Yığını doldur,,Wypełniaj stos,,,Fill Stack,Preenchimento camadas,Fill Stack,,,,,
,UI,Filter,Filter,Filtre,,Filtr,,,Filtro,Filtro,Filtro,,,,,
,UI,FullDash,Full Dash,,,Pełny Dash,,,Completo Dash,Tacografo Completo,Tacografo Completo,,,,,
,UI,Id,Id,Id,,Id,,,Id,Id,Id,,,,,
,UI,Load,Load,Yükle,,Załaduj,,,Cargar,Carregar,Carregar,,,,,
,UI,Loc,Loc.,Loc,,Lok.,,,Loc.,Loc,Loc,,,,,
,UI,Location,Location,Konum,,Lokacja,,,Localizacion,Localização,Localizacao,,,,,
,UI,MiniDash,Mini Dash,,,Mini Dash,,,Mini Dash,Tacografo Minimo,Tacografo Minimo,,,,,
,UI,Mute,Mute,Sessiz,,Wycisz,,,Enmudecer,Silenciar,Silenciar,,,,,
,UI,MuteReplayPacenotes,Mute Replay Pacenotes,,,Wycisz Pilota na Powtórce,,,,Silenciar notas de andamento no replay,Silenciar notas de ritmo no replay,,,,,
,UI,Name,Name,İsim,,Nazwa,,,Nombre,Nome,Nome,,,,,
,UI,NoLink,No Link,Bağlantı yok,,Bez łącznika,,,No Enlace,Sem Link,Sem link,,,,,
,UI,NoPaceNotes,No pacenotes present in current animation set.,,,Brak notatek w aktualnym zestawie animacji,,,No pacenotes present in current animation set.,Sem notas de andamento,Sem notas de andamento,,,,,
,UI,NoWrongWay,No Wrong Way,Ters yön yok,,Wyłącz alert jazdy pod prąd,,,,Sem caminho errado,Nao. Caminho errado,,,,,
,UI,Ok,Ok,Ok,,Ok,,,Bien,Ok,Ok,,,,,
,UI,OpenFileFailed,Failed to open file!,Dosya açma hatası,,Nie można otworzyć pliku,,,Fallo abriendo archivo,Falha ao abrir o arquivo!,Falha ao abrir o arquivo!,,,,,
,UI,Pacenote,Pacenote,Tavsiye notu,,Notatka,,,Nota,Notas de andamento,Notas de ritmo,,,,,
,UI,PacenoteEditor,Pacenote Editor,Tavsiye notu editörü,,Edytor Notatek,,,Editor de notas,Editor Notas de andamento,Editor de notas de ritmo,,,,,
,UI,PacenoteProperties,Pacenote Properties,Tavsiye notu özellikleri,,Właściwości Notatek,,,Propiedades de las Notas,Propriedades Notas de andamento,Propriedade das notas de ritmo,,,,,
,UI,Pacenotes,Pacenotes,Tavsiye notları,,Notatki,,,Notas,Notas de andamento,Notas de ritmo,,,,,
,UI,Parameters,Parameters,Parametreler,,Parametry,,,,Parâmetros,Parametros,,,,,
,UI,PauseReplay,Pause,Durdur,,Pauza,,,Pausa,Pausar Repetição,Pausar Repeticao,,,,,
,UI,ReadBtbFailed,Failed to read BTB file.,BTB dosyası okuma hatası,,Błąd wczytywania pliku BTB!,,,,A leitura do ficheiro BTB falhou,A leitura do arquivo BTB falhou,,,,,
,UI,ReadBtbFile,Read BTB File,BTB dosyası okuma,,Wczytaj plik BTB,,,,Ler ficheiro BTB,Ler arquivo BTB,,,,,
,UI,ReadBtbSucceeded,Successfully read BTB file.,Başarılı BTB dosyası okuma,,Wczytano plik BTB,,,,Arquivo BTB lido com sucesso,Arquivo BTB lido com sucesso,,,,,
,UI,ReadDefinitionIniFile,Read Definition INI File,Tanımlı INI dosyası okuma,,Wczytaj plik definicji INI,,,,Ler Arquivo INI de Definição,Ler Arquivo INI de Definicao,,,,,
,UI,ReadDlsFailed,Failed to read DLS file!,DLS dosyası okuma hatası,,Błąd wczytywania pliku DLS!,,,,Falha ao ler o arquivo DLS!,Falha ao ler o arquivo DLS!,,,,,
,UI,ReadFromBtb,Read From BTB,BTB'den okuma,,Wczytaj z BTB,,,,Ler do BTB,Ler do BTB,,,,,
,UI,Record,Record,Kayıt,,Nagrywaj,,,,Gravar,Gravar,,,,,
,UI,RemoveAll,Remove All,Hepsini Sİl,,Usuń wszystko,,,,Remover tudo,Remover tudo,,,,,
,UI,Replay,Replay,Tekrar,,Powtórka,,,Repeticion,Repetição,Replay,,,,,
,UI,ReplaySpeed,Replay Speed,Tekrar Hızı,,Prędkość odtwarzania,,,,Velocidade de repetição,Velocidade do replay,,,,,
,UI,Reset,Reset,Sıfırla,,Zresetuj,,,,Reiniciar,Reiniciar,,,,,
,UI,Save,Save,Kaydet,,Zapisz,,,Guardar,Guardar ,Salvar,,,,,
,UI,SaveAs,Save As,Farklı Kaydet,,Zapisz jako,,,Guarda como,Guardar como,Salvar como,,,,,
,UI,SaveAsBtb,Save As BTB,BTB gibi kaydet,,Zapisz jako BTB,,,Guarda como BTB,Guardar como BTB,Salvar como BTB,,,,,
,UI,SaveBtbFailed,Failed to save BTB file.,BTB dosyası kaydetme hatası,,Bład zapisu pliku BTB!,,,,Falha ao salvar arquivo BTB,Falha ao salvar arquivo BTB,,,,,
,UI,SaveBtbFile,Save BTB File,BTB dosyası kaydet,,Zapisz plik BTB,,,Guarda BTB,Guardar arquivo BTB,Salvar arquivo BTB,,,,,
,UI,SaveBtbSucceeded,Successfully saved BTB file.,BTB dosyası başarıyla kaydedildi,,Zapisano plik BTB,,,,Arquivo BTB salvo com sucesso,Arquivo BTB salvo com sucesso,,,,,
,UI,SaveCamera,Save Camera,Kamerayı kaydet,,Zapisz Kamerę,,,Guarda Camara,Salvar câmera,Salvar camera,,,,,
,UI,SaveCameraFailed,Failed to save camera settings!,Kamera ayarlarını kaydetme hatası,,Błąd zapisu ustawień kamery!,,,,Falha ao salvar as configuracoes da camera!,Falha ao salvar as configuracoes da camera!,,,,,
,UI,SaveCameraSucceeded,Successfully saved camera settings.,Kamera ayarları başarıyla kaydedildi,,Zapisano ustawienia kamery,,,,Configurações da câmera salvas com sucesso,Configuracoes da camera salvas com sucesso,,,,,
,UI,SaveDash,Save Dash,,,Zapisz Dash,,,Grabar Dash,Guardar tacografo,Salvar tacografo,,,,,
,UI,SaveDashFailed,Failed to save dash positions!,,,Błąd zapisu pozycji panelu!,,,,Falha ao salvar tacografo,Falha ao salvar tacografo,,,,,
,UI,SaveDashSucceeded,Successfully saved dash positions.,,,Zapisano pozycję panelu,,,,Tacografo salvo com sucesso,Tacografo salvo com sucesso,,,,,
,UI,SaveDlsFile,Save DLS File,DLS dosyasını kaydet,,Zapisz plik DLS,,,,Salvar arquivo DLS,Salvar arquivo DLS,,,,,
,UI,SaveDlsSucceeded,Successfully saved DLS file.,DLS dosyası başarıyla kaydedildi,,Zapisano plik DLS,,,,Arquivo DLS salvo com sucesso,Arquivo DLS salvo com sucesso,,,,,
,UI,SaveTelemetry,Save Telemetry,Telemetriyi kaydet,,Zapisz telemetrię,,,Guarda la telemetria,Salvar Telemetria,Salvar Telemetria,,,,,
,UI,SaveTelemetryFailed,Failed to save telemetry data!,Telemetre verisi kaydetme hatası,,Błąd zapisu telemetrii!,,,,Falha ao salvar dados de telemetria!,Falha ao salvar dados de telemetria!,,,,,
,UI,SaveTelemetrySucceeded,Successfully saved telemetry data.,Telemetre verisi başarıyla kaydedildi,,Zapisano dane telemetryczne,,,,Dados de telemetria salvos com sucesso,Dados de telemetria salvos com sucesso,,,,,
,UI,SaveTsvFailed,Failed to save TSV file.,TSV  dosyası kaydetme hatası,,Błąd zapisu pliku TSV!,,,,Falha ao salvar arquivo TSV,Falha ao salvar arquivo TSV,,,,,
,UI,SaveTsvFile,Save TSV File,TSV dosyasını kaydet,,Zapisz plik TSV,,,,Salvar arquivo TSV,Salvar arquivo TSV,,,,,
,UI,SaveTsvSucceeded,Successfully saved TSV file.,TSV dosyası başarıyla kaydedildi,,Zapisano plik TSV,,,,Arquivo TSV salvo com sucesso,Arquivo TSV salvo com sucesso,,,,,
,UI,Settings,Settings,Ayarlar,,Ustawienia,,,Opciones,Configurações,Configuracoes,,,,,
,UI,ShowCameraPosition,Show Camera Position,Kamera Pozisyonu Göster,,Pokaż pozycję kamery,,,Ver Posicion d el a camara,Mostrar a posção da câmera,Mostrar posição da camera,,,,,
,UI,ShowCarDamage,Show Car Damage,Araç hasarı Göster,,Pokaż uszkodzenia,,,Ver Danos del Coche,Mostrar os danos no carro,Mostrar danos no carro,,,,,
,UI,ShowCheckPointTimes,Show Splits,Bölümleri göster,,Pokaż międzyczasy,,,Ver Parciales,"Mostrar os tempos ""check-points""",Mostrar tempos de checkpoint,,,,,
,UI,ShowDistance,Show Distance,Uzaklık göster,,Pokaż dystans,,,Ver distancia,Mostrar distância,Mostrar distancia,,,,,
,UI,ShowDistanceCountdown,Show Distance Countdown,Uzaklık gerisayım göster,,Pokaż licznik dystansu,,,,Mostrar contagem regressiva da distância,Mostrar contagem regressiva da distancia,,,,,
,UI,ShowDriveLineBar,Show Driveline Bar,Sürüş çizgisi barını göster,,Pokaż pasek przejazdu,,,,Mostrar a linha de condução,Mostrar a linha de conducao,,,,,
,UI,ShowEnhancedFps,Show Enhanced FPS,Gelişmiş FPS göster,,Pokaż zaawansowane FPS,,,Ver FPS,Mostrar FPS aprimorados,Mostrar FPS aprimorados,,,,,
,UI,ShowExterior,Show Car Exterior,Araç dışını göster,,Pokaż wnętrze samochodu,,,,Mostrar Exterior do Carro,Mostrar Exterior do Carro,,,,,
,UI,ShowIngameClock,Show Ingame Clock,Oyun içi saati göster,,Pokaż czas w aplikacji,,,Ver Relojes,Mostrar cronómetro,Mostrar cronometro,,,,,
,UI,ShowPaceNotes3D,Show 3D Pacenotes,3D tavsiye notlarını göster,,Pokaż notatki 3D,,,Ver Notas 3D,Mostrar as notas de andamento em trêsD,Mostrar as notas de andamento em 3D,,,,,
,UI,ShowPaceNotes,Show Pacenotes,Tavsiye notlarını göster,,Pokaż tabliczki notatek,,,Ver Notas,Mostrar as notas de andamento,Mostrar as notas de andamento,,,,,
,UI,ShowReplayHUD,Show HUD in Replay,Tekrarda Göstergeleri goster,,Pokaż HUD na powtórce,,,Ver Relojes en la Repeticion,Mostrar HUD na repetição,Mostrar HUD no replay,,,,,
,UI,ShowStandardCall,Show Standard Call,,,Pokaż Standardowe notatki,,,,Mostrar Chamada Padrão,Mostrar Chamada Padrao,,,,,
,UI,Status,Status,Durum,,Status,,,Status,Estado,Estado,,,,,
,UI,Step,Step,Dur,,Pozycja,,,Posicion,Passo,Passo,,,,,
,UI,Sticky,Sticky,Yapışkan,,Przyklej,,,Sticky,Fixo,Fixo,,,,,
,UI,Telemetry,Telemetry,Telemetri,,Telemetria,,,Telemetria,Telemetria,Telemetria,,,,,
,UI,Translation,Translation,Çeviri,,Tłumaczenie,,,Translacion,Tradução,Traducao,,,,,
,UI,WriteDlsFailed,Failed to save DLS file!,DLS dosyası kaydetme hatası,,Błąd zapisu pliku DLS!,,,,Falha ao escrever o arquivo DLS!,Falha ao salvar o arquivo DLS,,,,,
,UI,WriteFileFailed,Failed file save!,Kaydetme hatası,,Bład zapisu pliku!,,,,Falha ao escrever o arquivo!,Falha ao salvar o arquivo,,,,,
,UI,WriteIniFailed,Failed to save INI file!,INI dosyası kaydetme hatası,,Błąd zapisu pliku INI!,,,,Falha ao escrever o arquivo INI!,Falha ao salvar o arquivo INI,,,,,
,UI Categories,CORNERS,Corners,Kamera,,Zakręty,,,Curvas,Curvas,Curvas,,,,,
,UI Categories,LINKS,Links,Bağlantılar,,Łączniki,,,Llamadas,Ligação,Chamadas,,,,,
,UI Categories,CAUTIONS,Cautions,Uyarılar,,Ostrzeżenia,,,Alertas,Advertências,Advertencias,,,,,
,UI Categories,MODIFIER,Modifier,Değiştirici,,Modyfikatory,,,Modificacion curvas,Modificador,Modificador,,,,,
,UI Categories,LINE,Line,Çizgi,,Linia,,,Linea a trazar,Linha,Linha,,,,,
,UI Categories,OBSTACLES,Obstacles,Engeller,,Przeszkody,,,Obstaculos,Obstáculos,Obstaculos,,,,,
,UI Categories,CONSTRUCTION,Construction,Yapı,,Obiekty,,,Estructuras,Construção,Construcao,,,,,
,UI Categories,DRIVING,Driving,Sürüş,,Tempo,,,Tipo de Conduccion,Condução,Conducao,,,,,
,UI Categories,PREPOSITIONS,Prepositions,,,Lokalizatory,,,Preposiciones,Preposições,Preposicoes,,,,,
,UI Categories,ADDITIONAL,Additional,Ek olarak,,Dodatkowe,,,Datos adicionales de curva,Adicional,Adicional,,,,,
,Legacy,UNKNOWN,UNKNOWN!,BİLİNMEYEN!,,NIEZNANY!,,,Desconocido,Desconhecido,Desconhecido,,,,,
,Legacy,PACENOTES_FILE,Pacenotes File,Tavsiye notu dosyası,,Plik notatek,,,Archivo de notas,Ficheiro Notas de Andamento,Arquivo de notas de ritmo,,,,,
,Legacy,RANGES_FILE,Ranges File,,,Plik odległości,,,Clasificar archivo,Intervalos de Arquivo,Intervalos de Arquivo,,,,,
